municipios;populacao_total;area_total_km2;densidade_demografica;codigo_unidade_geografica
Adamantina;33797;411,4;82,16;3500105
Adolfo;3557;211,1;16,85;3500204
Aguaí;32148;474,7;67,72;3500303
Águas da Prata;7584;143,0;53,05;3500402
Águas de Lindóia;17266;60,1;287,16;3500501
Águas de Santa Bárbara;5601;408,0;13,73;3500550
Águas de São Pedro;2707;5,4;504,1;3500600
Agudos;34524;966,2;35,73;3500709
Alambari;4884;159,3;30,66;3500758
Alfredo Marcondes;3891;118,4;32,86;3500808
Altair;3815;313,9;12,16;3500907
Altinópolis;15607;929,8;16,78;3501004
Alto Alegre;4102;319,0;12,86;3501103
Alumínio;16839;83,8;200,92;3501152
Álvares Florence;3897;362,9;10,74;3501202
Álvares Machado;23513;347,4;67,69;3501301
Álvaro de Carvalho;4650;153,2;30,36;3501400
Alvinlândia;3000;84,8;35,38;3501509
Americana;210638;133,4;1579,59;3501608
Américo Brasiliense;34478;122,3;281,99;3501707
Américo de Campos;5706;253,1;22,54;3501806
Amparo;65829;445,6;147,75;3501905
Analândia;4293;326,3;13,16;3502002
Andradina;55334;964,2;57,39;3502101
Angatuba;22210;1028,0;21,61;3502200
Anhembi;5653;736,5;7,68;3502309
Anhumas;3738;320,4;11,67;3502408
Aparecida;35007;121,1;289,12;3502507
Aparecida d'Oeste;4450;179,0;24,86;3502606
Apiaí;25191;974,3;25,85;3502705
Araçariguama;17080;146,3;116,72;3502754
Araçatuba;181579;1167,4;155,54;3502804
Araçoiaba da Serra;27299;255,4;106,87;3502903
Aramina;5152;202,9;25,39;3503000
Arandu;6123;285,9;21,42;3503109
Arapeí;2493;156,8;15,9;3503158
Araraquara;208662;1004,1;207,8;3503208
Araras;118843;644,8;184,3;3503307
Arco-Íris;1925;264,7;7,27;3503356
Arealva;7841;505,0;15,53;3503406
Areias;3696;305,2;12,11;3503505
Areiópolis;10579;85,8;123,34;3503604
Ariranha;8547;133,2;64,19;3503703
Artur Nogueira;44177;178,0;248,15;3503802
Arujá;74905;96,4;777,35;3503901
Aspásia;1809;69,3;26,09;3503950
Assis;95144;460,3;206,7;3504008
Atibaia;126603;478,4;264,61;3504107
Auriflama;14202;434,0;32,72;3504206
Avaí;4959;540,5;9,18;3504305
Avanhandava;11310;338,6;33,4;3504404
Avaré;82934;1213,1;68,37;3504503
Bady Bassitt;14603;108,5;134,54;3504602
Balbinos;3702;91,6;40,4;3504701
Bálsamo;8160;150,6;54,18;3504800
Bananal;10223;616,0;16,59;3504909
Barão de Antonina;3116;153,1;20,35;3505005
Barbosa;6593;205,2;32,14;3505104
Bariri;31593;444,1;71,14;3505203
Barra Bonita;35246;149,9;235,12;3505302
Barra do Chapéu;5244;405,7;12,93;3505351
Barra do Turvo;7729;1007,8;7,67;3505401
Barretos;112101;1565,6;71,6;3505500
Barrinha;28496;145,6;195,66;3505609
Barueri;240749;66,1;3639,94;3505708
Bastos;20445;171,9;118,95;3505807
Batatais;56476;849,5;66,48;3505906
Bauru;343937;667,7;515,12;3506003
Bebedouro;75035;683,3;109,81;3506102
Bento de Abreu;2674;301,4;8,87;3506201
Bernardino de Campos;10775;244,2;44,12;3506300
Bertioga;47645;490,0;97,23;3506359
Bilac;7048;157,9;44,63;3506409
Birigui;108728;530,9;204,79;3506508
Biritiba-Mirim;28575;317,2;90,1;3506607
Boa Esperança do Sul;13645;690,8;19,75;3506706
Bocaina;10859;363,9;29,84;3506805
Bofete;9618;653,5;14,72;3506904
Boituva;48314;249,0;194,07;3507001
Bom Jesus dos Perdões;19708;107,6;183,08;3507100
Bom Sucesso de Itararé;3571;133,6;26,73;3507159
Borá;805;118,5;6,8;3507209
Boracéia;4268;122,1;34,95;3507308
Borborema;14529;552,3;26,31;3507407
Borebi;2293;348,0;6,59;3507456
Botucatu;127328;1482,6;85,88;3507506
Bragança Paulista;146744;512,6;286,26;3507605
Braúna;5021;195,3;25,7;3507704
Brejo Alegre;2573;105,4;24,41;3507753
Brodowski;21107;279,5;75,51;3507803
Brotas;21580;1101,4;19,59;3507902
Buri;18563;1195,9;15,52;3508009
Buritama;15418;326,8;47,19;3508108
Buritizal;4053;266,4;15,21;3508207
Cabrália Paulista;4365;239,9;18,19;3508306
Cabreúva;41604;260,2;159,91;3508405
Caçapava;84752;370,2;228,91;3508504
Cachoeira Paulista;30091;288,0;104,49;3508603
Caconde;18538;470,0;39,44;3508702
Cafelândia;16607;920,1;18,05;3508801
Caiabu;4072;252,8;16,11;3508900
Caieiras;86529;96,7;894,84;3509007
Caiuá;5039;552,1;9,13;3509106
Cajamar;64114;131,4;487,92;3509205
Cajati;28372;454,4;62,43;3509254
Cajobi;9768;176,9;55,22;3509304
Cajuru;23371;660,1;35,41;3509403
Campina do Monte Alegre;5567;185,0;30,09;3509452
Campinas;1080113;795,0;1358,63;3509502
Campo Limpo Paulista;74074;79,6;930,79;3509601
Campos do Jordão;47789;290,5;164,49;3509700
Campos Novos Paulista;4539;484,0;9,38;3509809
Cananéia;12226;1242,9;9,84;3509908
Canas;4385;53,3;82,33;3509957
Cândido Mota;29884;596,2;50,12;3510005
Cândido Rodrigues;2668;70,3;37,94;3510104
Canitar;4369;57,2;76,34;3510153
Capão Bonito;46178;1640,2;28,15;3510203
Capela do Alto;17532;169,9;103,2;3510302
Capivari;48576;322,7;150,53;3510401
Caraguatatuba;100840;485,4;207,76;3510500
Carapicuíba;369584;34,6;10680,08;3510609
Cardoso;11805;639,7;18,45;3510708
Casa Branca;28307;864,2;32,76;3510807
Cássia dos Coqueiros;2634;191,7;13,74;3510906
Castilho;18003;1065,8;16,89;3511003
Catanduva;112820;290,6;388,24;3511102
Catiguá;7127;148,4;48,03;3511201
Cedral;7972;197,4;40,38;3511300
Cerqueira César;17532;508,5;34,48;3511409
Cerquilho;39617;127,8;309,98;3511508
Cesário Lange;15540;190,8;81,46;3511607
Charqueada;15085;175,8;85,79;3511706
Chavantes;12114;188,1;64,4;3557204
Clementina;7065;168,8;41,85;3511904
Colina;17371;422,6;41,11;3512001
Colômbia;5994;729,3;8,22;3512100
Conchal;25229;182,8;138,02;3512209
Conchas;16288;466,0;34,95;3512308
Cordeirópolis;21080;137,6;153,22;3512407
Coroados;5238;246,4;21,26;3512506
Coronel Macedo;5001;303,9;16,45;3512605
Corumbataí;3874;278,6;13,9;3512704
Cosmópolis;58827;154,7;380,37;3512803
Cosmorama;7214;443,8;16,25;3512902
Cotia;201150;323,1;622,55;3513009
Cravinhos;31691;311,2;101,84;3513108
Cristais Paulista;7588;385,2;19,7;3513207
Cruzália;2274;149,1;15,26;3513306
Cruzeiro;77039;305,7;252,01;3513405
Cubatão;118720;142,4;833,81;3513504
Cunha;21866;1407,3;15,54;3513603
Descalvado;31056;753,7;41,2;3513702
Diadema;386089;30,8;12519,1;3513801
Dirce Reis;1689;88,4;19,12;3513850
Divinolândia;11208;222,1;50,46;3513900
Dobrada;7939;149,7;53,02;3514007
Dois Córregos;24761;633,0;39,12;3514106
Dolcinópolis;2096;78,3;26,76;3514205
Dourado;8609;205,9;41,82;3514304
Dracena;43258;488,0;88,64;3514403
Duartina;12251;264,6;46,31;3514502
Dumont;8143;111,3;73,19;3514601
Echaporã;6318;515,4;12,26;3514700
Eldorado;14641;1654,3;8,85;3514809
Elias Fausto;15775;202,7;77,83;3514908
Elisiário;3120;94,0;33,2;3514924
Embaúba;2423;83,1;29,15;3514957
Embu;240230;70,4;3412,5;3515004
Embu-Guaçu;62769;154,9;405,11;3515103
Emilianópolis;3020;224,5;13,45;3515129
Engenheiro Coelho;15721;109,9;142,99;3515152
Espírito Santo do Pinhal;41907;389,4;107,61;3515186
Espírito Santo do Turvo;4244;193,7;21,92;3515194
Estiva Gerbi;10044;74,2;135,35;3557303
Estrela do Norte;2658;263,4;10,09;3515301
Estrela d'Oeste;8208;296,4;27,69;3515202
Euclides da Cunha Paulista;9585;575,2;16,66;3515350
Fartura;15320;429,2;35,7;3515400
Fernando Prestes;5534;170,7;32,43;3515608
Fernandópolis;64696;550,0;117,62;3515509
Fernão;1563;100,8;15,51;3515657
Ferraz de Vasconcelos;168306;29,9;5624,82;3515707
Flora Rica;1752;225,3;7,78;3515806
Floreal;3003;204,3;14,7;3515905
Flórida Paulista;12848;525,1;24,47;3516002
Florínia;2829;225,6;12,54;3516101
Franca;318640;605,7;526,09;3516200
Francisco Morato;154472;49,3;3130,45;3516309
Franco da Rocha;131604;134,1;981,28;3516408
Gabriel Monteiro;2708;138,5;19,55;3516507
Gália;7011;356,0;19,69;3516606
Garça;43115;555,6;77,6;3516705
Gastão Vidigal;4193;180,9;23,17;3516804
Gavião Peixoto;4419;243,8;18,13;3516853
General Salgado;10669;493,3;21,63;3516903
Getulina;10765;678,7;15,86;3517000
Glicério;4565;273,6;16,69;3517109
Guaiçara;10670;270,2;39,48;3517208
Guaimbê;5425;218,0;24,88;3517307
Guaíra;37404;1258,5;29,72;3517406
Guapiaçu;17869;326,0;54,81;3517505
Guapiara;17998;408,3;44,08;3517604
Guará;19858;362,5;54,78;3517703
Guaraçaí;8435;569,9;14,8;3517802
Guaraci;9976;641,5;15,55;3517901
Guarani d'Oeste;1970;85,5;23,03;3518008
Guarantã;6404;461,1;13,89;3518107
Guararapes;30597;956,3;31,99;3518206
Guararema;25844;270,6;95,5;3518305
Guaratinguetá;112072;752,4;148,95;3518404
Guareí;14565;566,3;25,72;3518503
Guariba;35486;270,3;131,29;3518602
Guarujá;290752;142,9;2034,91;3518701
Guarulhos;1221979;319,2;3828,36;3518800
Guatapará;6966;413,1;16,86;3518859
Guzolândia;4754;252,0;18,86;3518909
Herculândia;8696;364,6;23,85;3519006
Holambra;11299;65,6;172,3;3519055
Hortolândia;192692;62,5;3082,92;3519071
Iacanga;10013;547,4;18,29;3519105
Iacri;6419;322,6;19,9;3519204
Iaras;6376;401,3;15,89;3519253
Ibaté;30734;290,7;105,74;3519303
Ibirá;10896;271,9;40,07;3519402
Ibirarema;6725;228,3;29,45;3519501
Ibitinga;53158;689,3;77,12;3519600
Ibiúna;71217;1057,5;67,34;3519709
Icém;7462;362,6;20,58;3519808
Iepê;7628;595,5;12,81;3519907
Igaraçu do Tietê;23362;97,7;239,07;3520004
Igarapava;27952;468,2;59,7;3520103
Igaratá;8831;293,0;30,14;3520202
Iguape;28841;1977,4;14,59;3520301
Ilha Comprida;9025;188,4;47,9;3520426
Ilha Solteira;25064;656,2;38,19;3520442
Ilhabela;28196;347,5;81,13;3520400
Indaiatuba;201619;311,4;647,54;3520509
Indiana;4825;126,6;38,1;3520608
Indiaporã;3903;279,6;13,96;3520707
Inúbia Paulista;3630;87,4;41,53;3520806
Ipaussu;13663;209,7;65,17;3520905
Iperó;28300;170,0;166,42;3521002
Ipeúna;6016;190,0;31,66;3521101
Ipiguá;4463;136,8;32,62;3521150
Iporanga;4299;1152,1;3,73;3521200
Ipuã;14148;465,9;30,37;3521309
Iracemápolis;20029;115,1;173,99;3521408
Irapuã;7275;257,9;28,21;3521507
Irapuru;7789;214,9;36,24;3521606
Itaberá;17858;1082,1;16,5;3521705
Itaí;24008;1111,2;21,61;3521804
Itajobi;14556;502,1;28,99;3521903
Itaju;3246;229,8;14,12;3522000
Itanhaém;87057;599,6;145,2;3522109
Itaóca;3228;183,0;17,64;3522158
Itapecerica da Serra;152614;150,3;1015,41;3522208
Itapetininga;144377;1790,2;80,65;3522307
Itapeva;87753;1826,3;48,05;3522406
Itapevi;200769;83,1;2415,79;3522505
Itapira;68537;518,4;132,21;3522604
Itapirapuã Paulista;3880;406,5;9,55;3522653
Itápolis;40051;996,9;40,18;3522703
Itaporanga;14549;507,7;28,66;3522802
Itapuí;12173;140,8;86,46;3522901
Itapura;4357;301,4;14,46;3523008
Itaquaquecetuba;321770;83,0;3877,73;3523107
Itararé;47934;1003,6;47,76;3523206
Itariri;15471;273,8;56,5;3523305
Itatiba;101471;322,2;314,92;3523404
Itatinga;18052;979,8;18,42;3523503
Itirapina;15524;564,2;27,52;3523602
Itirapuã;5914;161,1;36,71;3523701
Itobi;7546;139,2;54,2;3523800
Itu;154147;640,8;240,57;3523909
Itupeva;44859;200,7;223,46;3524006
Ituverava;38695;705,2;54,87;3524105
Jaborandi;6592;273,4;24,11;3524204
Jaboticabal;71662;706,6;101,42;3524303
Jacareí;211214;459,7;459,48;3524402
Jaci;5657;145,5;38,87;3524501
Jacupiranga;17208;704,1;24,44;3524600
Jaguariúna;44311;141,8;312,56;3524709
Jales;47012;368,5;127,57;3524808
Jambeiro;5349;184,3;29,03;3524907
Jandira;108344;17,7;6124,59;3525003
Jardinópolis;37661;502,5;74,95;3525102
Jarinu;23847;207,6;114,85;3525201
Jaú;131040;685,8;191,09;3525300
Jeriquara;3160;142,0;22,26;3525409
Joanópolis;11768;375,1;31,37;3525508
João Ramalho;4150;415,2;9,99;3525607
José Bonifácio;32763;859,9;38,1;3525706
Júlio Mesquita;4430;128,2;34,55;3525805
Jumirim;2798;56,7;49,36;3525854
Jundiaí;370126;431,5;857,77;3525904
Junqueirópolis;18726;583,0;32,12;3526001
Juquiá;19246;822,0;23,41;3526100
Juquitiba;28737;522,1;55,04;3526209
Lagoinha;4841;255,5;18,95;3526308
Laranjal Paulista;25251;384,0;65,75;3526407
Lavínia;8779;537,7;16,33;3526506
Lavrinhas;6590;167,1;39,45;3526605
Leme;91756;402,9;227,75;3526704
Lençóis Paulista;61428;809,5;75,88;3526803
Limeira;276022;581,0;475,08;3526902
Lindóia;6712;48,8;137,67;3527009
Lins;71432;570,2;125,27;3527108
Lorena;82537;414,4;199,19;3527207
Lourdes;2128;113,7;18,71;3527256
Louveira;37125;55,1;673,37;3527306
Lucélia;19882;314,8;63,16;3527405
Lucianópolis;2249;189,8;11,85;3527504
Luís Antônio;11286;598,4;18,86;3527603
Luiziânia;5030;166,5;30,2;3527702
Lupércio;4353;154,5;28,18;3527801
Lutécia;2714;474,9;5,71;3527900
Macatuba;16259;225,2;72,19;3528007
Macaubal;7663;248,1;30,88;3528106
Macedônia;3664;327,7;11,18;3528205
Magda;3200;311,7;10,27;3528304
Mairinque;43223;209,6;206,18;3528403
Mairiporã;80956;320,9;252,25;3528502
Manduri;8992;229,1;39,26;3528601
Marabá Paulista;4812;917,7;5,24;3528700
Maracaí;13332;533,9;24,97;3528809
Marapoama;2633;111,3;23,66;3528858
Mariápolis;3916;185,9;21,07;3528908
Marília;216745;1170,3;185,21;3529005
Marinópolis;2113;77,8;27,15;3529104
Martinópolis;24219;1252,7;19,33;3529203
Matão;76786;524,9;146,3;3529302
Mauá;417064;61,3;6803,54;3529401
Mendonça;4640;195,0;23,79;3529500
Meridiano;3855;229,2;16,82;3529609
Mesópolis;1886;148,9;12,67;3529658
Miguelópolis;20451;822,0;24,88;3529708
Mineiros do Tietê;12038;213,2;56,45;3529807
Mira Estrela;2820;216,8;13,01;3530003
Miracatu;20592;1001,5;20,56;3529906
Mirandópolis;27483;918,8;29,91;3530102
Mirante do Paranapanema;17059;1239,1;13,77;3530201
Mirassol;53792;243,2;221,22;3530300
Mirassolândia;4295;166,2;25,85;3530409
Mococa;66290;854,9;77,55;3530508
Mogi das Cruzes;387779;713,3;543,65;3530607
Mogi Guaçu;137245;812,2;168,98;3530706
Moji Mirim;86505;497,8;173,78;3530805
Mombuca;3266;133,7;24,43;3530904
Monções;2132;104,2;20,45;3531001
Mongaguá;46293;142,1;325,72;3531100
Monte Alegre do Sul;7152;110,3;64,84;3531209
Monte Alto;46642;346,5;134,61;3531308
Monte Aprazível;21746;496,9;43,76;3531407
Monte Azul Paulista;18931;263,4;71,86;3531506
Monte Castelo;4063;232,6;17,47;3531605
Monte Mor;48949;240,5;203,55;3531803
Monteiro Lobato;4120;333,3;12,36;3531704
Morro Agudo;29116;1388,2;20,97;3531902
Morungaba;11769;146,9;80,14;3532009
Motuca;4290;228,7;18,76;3532058
Murutinga do Sul;4186;250,8;16,69;3532108
Nantes;2707;286,2;9,46;3532157
Narandiba;4288;358,0;11,98;3532207
Natividade da Serra;6678;833,4;8,01;3532306
Nazaré Paulista;16414;325,9;50,36;3532405
Neves Paulista;8772;218,3;40,18;3532504
Nhandeara;10725;435,8;24,61;3532603
Nipoã;4274;137,8;31,01;3532702
Nova Aliança;5891;217,3;27,11;3532801
Nova Campina;8515;385,4;22,1;3532827
Nova Canaã Paulista;2114;124,4;16,99;3532843
Nova Castilho;1125;183,2;6,14;3532868
Nova Europa;9300;160,4;58,0;3532900
Nova Granada;19180;531,9;36,06;3533007
Nova Guataporanga;2177;34,1;63,81;3533106
Nova Independência;3068;265,8;11,54;3533205
Nova Luzitânia;3441;74,1;46,46;3533304
Nova Odessa;51242;73,8;694,34;3533403
Novais;4592;117,8;38,99;3533254
Novo Horizonte;36593;931,7;39,28;3533502
Nuporanga;6817;348,3;19,57;3533601
Ocauçu;4163;300,4;13,86;3533700
Óleo;2673;198,1;13,49;3533809
Olímpia;50024;802,7;62,32;3533908
Onda Verde;3884;243,1;15,98;3534005
Oriente;6097;218,6;27,89;3534104
Orindiúva;5675;248,1;22,87;3534203
Orlândia;39781;291,8;136,34;3534302
Osasco;666740;64,0;10411,79;3534401
Oscar Bressane;2537;221,3;11,46;3534500
Osvaldo Cruz;30917;248,4;124,47;3534609
Ourinhos;103035;296,3;347,78;3534708
Ouro Verde;7800;267,6;29,15;3534807
Ouroeste;8405;288,8;29,1;3534757
Pacaembu;13226;338,5;39,07;3534906
Palestina;11051;695,5;15,89;3535002
Palmares Paulista;10934;82,1;133,14;3535101
Palmeira d'Oeste;9584;319,2;30,02;3535200
Palmital;21186;547,8;38,67;3535309
Panorama;14583;356,3;40,93;3535408
Paraguaçu Paulista;42278;999,9;42,28;3535507
Paraibuna;17388;809,6;21,48;3535606
Paraíso;5898;155,8;37,85;3535705
Paranapanema;17808;1018,7;17,48;3535804
Paranapuã;3815;140,5;27,16;3535903
Parapuã;10844;365,7;29,65;3536000
Pardinho;5582;209,9;26,59;3536109
Pariquera-Açu;18446;359,3;51,34;3536208
Parisi;2032;84,5;24,04;3536257
Patrocínio Paulista;13000;602,8;21,56;3536307
Paulicéia;6339;373,6;16,97;3536406
Paulínia;82146;138,8;591,72;3536505
Paulistânia;1779;256,7;6,93;3536570
Paulo de Faria;8589;738,3;11,63;3536604
Pederneiras;41497;729,0;56,92;3536703
Pedra Bela;5780;158,6;36,45;3536802
Pedranópolis;2558;260,2;9,83;3536901
Pedregulho;15700;712,6;22,03;3537008
Pedreira;41558;109,2;380,45;3537107
Pedrinhas Paulista;2940;152,5;19,28;3537156
Pedro de Toledo;10204;670,4;15,22;3537206
Penápolis;58510;710,8;82,31;3537305
Pereira Barreto;24962;978,9;25,5;3537404
Pereiras;7454;223,3;33,38;3537503
Peruíbe;59773;311,4;191,95;3537602
Piacatu;5287;232,4;22,75;3537701
Piedade;52143;746,9;69,82;3537800
Pilar do Sul;26406;681,1;38,77;3537909
Pindamonhangaba;146995;729,9;201,39;3538006
Pindorama;15039;184,8;81,37;3538105
Pinhalzinho;13105;154,5;84,8;3538204
Piquerobi;3537;482,6;7,33;3538303
Piquete;14107;176,0;80,16;3538501
Piracaia;25116;385,0;65,23;3538600
Piracicaba;364571;1376,9;264,77;3538709
Piraju;28475;504,5;56,44;3538808
Pirajuí;22704;824,2;27,55;3538907
Pirangi;10623;215,5;49,3;3539004
Pirapora do Bom Jesus;15733;108,8;144,63;3539103
Pirapozinho;24694;479,6;51,49;3539202
Pirassununga;70081;727,1;96,38;3539301
Piratininga;12072;402,4;30,0;3539400
Pitangueiras;35307;430,6;81,99;3539509
Planalto;4463;290,1;15,38;3539608
Platina;3192;326,7;9,77;3539707
Poá;106013;17,1;6211,94;3539806
Poloni;5395;133,5;40,4;3539905
Pompéia;19964;784,1;25,46;3540002
Pongaí;3481;183,3;18,99;3540101
Pontal;40244;356,3;112,94;3540200
Pontalinda;4074;210,2;19,38;3540259
Pontes Gestal;2518;217,4;11,58;3540309
Populina;4223;315,9;13,37;3540408
Porangaba;8326;265,7;31,34;3540507
Porto Feliz;48893;557,1;87,76;3540606
Porto Ferreira;51400;244,9;209,88;3540705
Potim;19397;44,5;436,22;3540754
Potirendaba;15449;342,4;45,12;3540804
Pracinha;2858;62,8;45,48;3540853
Pradópolis;17377;167,5;103,73;3540903
Praia Grande;262051;147,5;1776,09;3541000
Pratânia;4599;175,1;26,26;3541059
Presidente Alves;4123;287,2;14,36;3541109
Presidente Bernardes;13570;752,1;18,04;3541208
Presidente Epitácio;41318;1259,1;32,82;3541307
Presidente Prudente;207610;562,8;368,89;3541406
Presidente Venceslau;37910;756,7;50,1;3541505
Promissão;35674;781,5;45,65;3541604
Quadra;3236;205,7;15,73;3541653
Quatá;12799;651,7;19,64;3541703
Queiroz;2808;233,8;12,01;3541802
Queluz;11309;249,8;45,27;3541901
Quintana;6004;319,6;18,79;3542008
Rafard;8612;121,4;70,93;3542107
Rancharia;28804;1587,5;18,14;3542206
Redenção da Serra;3873;309,4;12,52;3542305
Regente Feijó;18494;265,1;69,76;3542404
Reginópolis;7323;410,8;17,83;3542503
Registro;54261;722,4;75,11;3542602
Restinga;6587;245,7;26,8;3542701
Ribeira;3358;335,7;10,0;3542800
Ribeirão Bonito;12135;471,6;25,73;3542909
Ribeirão Branco;18269;697,5;26,19;3543006
Ribeirão Corrente;4273;148,3;28,81;3543105
Ribeirão do Sul;4446;203,7;21,83;3543204
Ribeirão dos Índios;2187;196,3;11,14;3543238
Ribeirão Grande;7422;333,4;22,26;3543253
Ribeirão Pires;113068;98,8;1144,99;3543303
Ribeirão Preto;604682;651,3;928,46;3543402
Rifaina;3436;162,5;21,14;3543600
Rincão;10414;315,9;32,97;3543709
Rinópolis;9935;358,3;27,73;3543808
Rio Claro;186253;498,7;373,47;3543907
Rio das Pedras;29501;226,7;130,16;3544004
Rio Grande da Serra;43974;36,9;1192,45;3544103
Riolândia;10575;633,4;16,7;3544202
Riversul;6163;386,2;15,96;3543501
Rosana;19691;742,9;26,51;3544251
Roseira;9599;130,7;73,47;3544301
Rubiácea;2729;236,9;11,52;3544400
Rubinéia;2862;236,9;12,08;3544509
Sabino;5217;310,9;16,78;3544608
Sagres;2395;147,8;16,2;3544707
Sales;5451;308,5;17,67;3544806
Sales Oliveira;10568;305,6;34,58;3544905
Salesópolis;15635;425,0;36,79;3545001
Salmourão;4818;172,3;27,96;3545100
Saltinho;7059;99,7;70,77;3545159
Salto;105516;133,2;792,17;3545209
Salto de Pirapora;40132;280,5;143,07;3545308
Salto Grande;8787;188,4;46,64;3545407
Sandovalina;3699;455,1;8,13;3545506
Santa Adélia;14333;330,9;43,32;3545605
Santa Albertina;5723;272,8;20,98;3545704
Santa Bárbara d'Oeste;180009;271,5;663,08;3545803
Santa Branca;13763;275,3;50,0;3546009
Santa Clara d'Oeste;2084;183,4;11,36;3546108
Santa Cruz da Conceição;4002;150,1;26,66;3546207
Santa Cruz da Esperança;1953;148,1;13,19;3546256
Santa Cruz das Palmeiras;29932;295,3;101,35;3546306
Santa Cruz do Rio Pardo;43921;1113,5;39,44;3546405
Santa Ernestina;5568;134,4;41,42;3546504
Santa Fé do Sul;29239;208,2;140,43;3546603
Santa Gertrudes;21634;98,0;220,74;3546702
Santa Isabel;50453;362,7;139,09;3546801
Santa Lúcia;8248;154,0;53,55;3546900
Santa Maria da Serra;5413;257,2;21,05;3547007
Santa Mercedes;2831;166,9;16,96;3547106
Santa Rita do Passa Quatro;26478;754,1;35,11;3547502
Santa Rita d'Oeste;2543;210,1;12,1;3547403
Santa Rosa de Viterbo;23862;288,6;82,69;3547601
Santa Salete;1447;79,4;18,23;3547650
Santana da Ponte Pensa;1641;130,3;12,6;3547205
Santana de Parnaíba;108813;179,8;605,17;3547304
Santo Anastácio;20475;552,5;37,06;3547700
Santo André;676407;174,9;3866,35;3547809
Santo Antônio da Alegria;6304;310,3;20,31;3547908
Santo Antônio de Posse;20650;154,0;134,09;3548005
Santo Antônio do Aracanguá;7626;1308,2;5,83;3548054
Santo Antônio do Jardim;5943;110,0;54,05;3548104
Santo Antônio do Pinhal;6486;133,0;48,76;3548203
Santo Expedito;2803;94,4;29,68;3548302
Santópolis do Aguapeí;4277;127,9;33,44;3548401
Santos;419400;281,1;1492,23;3548500
São Bento do Sapucaí;10468;252,6;41,44;3548609
São Bernardo do Campo;765463;408,8;1872,59;3548708
São Caetano do Sul;149263;15,4;9708,79;3548807
São Carlos;221950;1137,3;195,15;3548906
São Francisco;2793;75,6;36,94;3549003
São João da Boa Vista;83639;516,4;161,96;3549102
São João das Duas Pontes;2566;129,3;19,84;3549201
São João de Iracema;1780;178,6;9,97;3549250
São João do Pau d'Alho;2103;117,7;17,86;3549300
São Joaquim da Barra;46512;410,6;113,28;3549409
São José da Bela Vista;8406;277,0;30,35;3549508
São José do Barreiro;4077;571,0;7,14;3549607
São José do Rio Pardo;51900;419,2;123,81;3549706
São José do Rio Preto;408258;431,3;946,53;3549805
São José dos Campos;629921;1099,8;572,77;3549904
São Lourenço da Serra;13973;186,4;74,96;3549953
São Luís do Paraitinga;10397;617,3;16,84;3550001
São Manuel;38342;650,8;58,92;3550100
São Miguel Arcanjo;31450;930,3;33,8;3550209
São Paulo;11253503;1523,3;7387,69;3550308
São Pedro;31662;611,0;51,82;3550407
São Pedro do Turvo;7198;731,8;9,84;3550506
São Roque;78821;306,3;257,3;3550605
São Sebastião;73942;400,4;184,68;3550704
São Sebastião da Grama;12099;252,4;47,94;3550803
São Simão;14346;617,2;23,24;3550902
São Vicente;332445;148,9;2232,28;3551009
Sarapuí;9027;352,7;25,6;3551108
Sarutaiá;3622;141,6;25,58;3551207
Sebastianópolis do Sul;3031;162,9;18,61;3551306
Serra Azul;11256;283,0;39,77;3551405
Serra Negra;26387;203,7;129,52;3551603
Serrana;38878;125,5;309,68;3551504
Sertãozinho;110074;402,6;273,43;3551702
Sete Barras;13005;1053,5;12,34;3551801
Severínia;15501;140,4;110,38;3551900
Silveiras;5792;414,8;13,96;3552007
Socorro;36686;449,0;81,7;3552106
Sorocaba;586625;449,0;1306,55;3552205
Sud Mennucci;7435;591,3;12,57;3552304
Sumaré;241311;153,0;1577,14;3552403
Suzanápolis;3383;328,5;10,3;3552551
Suzano;262480;206,6;1270,37;3552502
Tabapuã;11363;345,6;32,88;3552601
Tabatinga;14686;369,6;39,74;3552700
Taboão da Serra;244528;20,3;12049,87;3552809
Taciba;5714;607,3;9,41;3552908
Taguaí;10828;145,3;74,51;3553005
Taiaçu;5894;106,6;55,27;3553104
Taiúva;5447;132,5;41,12;3553203
Tambaú;22406;561,8;39,88;3553302
Tanabi;24055;745,8;32,25;3553401
Tapiraí;8012;755,1;10,61;3553500
Tapiratiba;12737;222,5;57,23;3553609
Taquaral;2726;53,9;50,58;3553658
Taquaritinga;53988;593,6;90,95;3553708
Taquarituba;22291;448,4;49,71;3553807
Taquarivaí;5151;231,8;22,22;3553856
Tarabai;6607;196,8;33,57;3553906
Tarumã;12885;303,2;42,5;3553955
Tatuí;107326;523,5;205,03;3554003
Taubaté;278686;624,9;445,98;3554102
Tejupá;4809;296,3;16,23;3554201
Teodoro Sampaio;21386;1556,0;13,74;3554300
Terra Roxa;8505;221,5;38,39;3554409
Tietê;36835;404,8;91,0;3554508
Timburi;2646;196,8;13,45;3554607
Torre de Pedra;2254;71,3;31,59;3554656
Torrinha;9330;310,7;30,03;3554706
Trabiju;1544;63,4;24,35;3554755
Tremembé;40984;191,4;214,17;3554805
Três Fronteiras;5427;153,1;35,45;3554904
Tuiuti;5930;126,7;46,8;3554953
Tupã;63476;628,5;100,99;3555000
Tupi Paulista;14269;245,3;58,16;3555109
Turiúba;1930;153,1;12,6;3555208
Turmalina;1978;147,9;13,37;3555307
Ubarana;5289;209,6;25,23;3555356
Ubatuba;78801;710,8;110,87;3555406
Ubirajara;4427;282,4;15,68;3555505
Uchoa;9471;252,5;37,51;3555604
União Paulista;1599;79,1;20,21;3555703
Urânia;8836;208,9;42,29;3555802
Uru;1251;147,0;8,51;3555901
Urupês;12714;323,7;39,27;3556008
Valentim Gentil;11036;149,7;73,72;3556107
Valinhos;106793;148,1;721,02;3556206
Valparaíso;22576;857,5;26,33;3556305
Vargem;8801;142,8;61,64;3556354
Vargem Grande do Sul;39266;267,2;146,94;3556404
Vargem Grande Paulista;42997;42,1;1021,79;3556453
Várzea Paulista;107089;34,8;3076,65;3556503
Vera Cruz;10769;248,1;43,41;3556602
Vinhedo;63611;81,6;779,51;3556701
Viradouro;17297;217,7;79,44;3556800
Vista Alegre do Alto;6886;95,0;72,5;3556909
Vitória Brasil;1737;49,7;34,95;3556958
Votorantim;108809;183,7;592,47;3557006
Votuporanga;84692;424,1;199,69;3557105
Zacarias;2335;319,1;7,32;3557154
