"ID-Nome;Sexo;Cidade/Estado;Nascimento;Data de adesão;Tipo;Ultima_compra;Forma_Pagamento;Valor_Gasto"
"1-Camila Ribeiro;Feminino;Presidente Médici/RO;12/05/1995;05/08/2022;A;24/08/2022;PARCELADO;5150"
"2-Nathan Sales;Masculino;Candeias do Jamari/RO;04/07/1986;28/07/2022;C;11/08/2022;BOLETO;1620"
"3-Renata Carvalho;Feminino;Cujubim/RO;13/01/1968;25/07/2022;B;07/08/2022;CARTÃO DE CRÉDITO;789"
"4-Bianca Barbosa;Feminino;Santa Luzia D'Oeste/RO;13/06/1960;06/07/2022;C;29/07/2022;BOLETO;1048"
"5-Daniel Sales;Masculino;Cujubim/RO;15/10/1958;25/07/2022;C;13/09/2022;CARTÃO DE CRÉDITO;3803"
"6-Manuela Barbosa;Feminino;São Francisco do Guaporé/RO;31/12/1965;27/08/2022;;13/09/2022;PARCELADO;5150"
"7-Miguel Machado;Masculino;Monte Negro/RO;18/09/1976;30/07/2022;C;05/09/2022;BOLETO;3180"
"8-Carolina Azevedo;Feminino;Rio Crespo/RO;23/05/1995;18/08/2022;C;29/08/2022;PIX;3803"
"9-Pietro Castro;Masculino;Castanheiras/RO;23/10/1982;16/07/2022;C;12/09/2022;CARTÃO DE CRÉDITO;1048"
"10-João Lucas Sales;Masculino;Alta Floresta D'Oeste/RO;17/02/1972;16/07/2022;C;22/08/2022;CARTÃO DE CRÉDITO;3180"
"11-Beatriz Souza;Feminino;Primavera de Rondônia/RO;06/06/1967;10/07/2022;;02/08/2022;PARCELADO;7480"
"12-Raul Rezende;Masculino;Governador Jorge Teixeira/RO;19/05/1966;25/07/2022;;21/09/2022;PARCELADO;4618"
"13-Felipe Castro;Masculino;Ariquemes/RO;06/10/1977;19/08/2022;B;23/09/2022;PARCELADO;8899"
"14-Raquel Duarte;Feminino;Vale do Paraíso/RO;05/10/1959;19/07/2022;C;11/08/2022;PARCELADO;2622"
"15-Ana Ramos;Feminino;Rolim de Moura/RO;07/06/1994;19/07/2022;C;04/09/2022;PARCELADO;1182"
"16-Joaquim Azevedo;Masculino;Nova União/RO;27/05/1961;09/08/2022;C;18/08/2022;CARTÃO DE DÉBITO;3180"
"17-Patrícia Costa;Feminino;Candeias do Jamari/RO;09/07/1957;17/08/2022;C;18/09/2022;CARTÃO DE CRÉDITO;1620"
"18-Danilo Mendes;Masculino;Colorado do Oeste/RO;30/01/1964;10/07/2022;C;14/07/2022;PARCELADO;5150"
"19-Joaquim Silveira;Masculino;Costa Marques/RO;09/05/1990;20/07/2022;;20/07/2022;BOLETO;5150"
"20-Natália Castro;Feminino;Seringueiras/RO;08/04/1956;22/08/2022;C;12/09/2022;PIX;4618"
"21-Ana Castro;Feminino;Chupinguaia/RO;22/03/1967;16/08/2022;A;12/09/2022;PIX;7480"
"22-Raquel Campos;Feminino;Pimenta Bueno/RO;09/11/1979;07/07/2022;C;18/07/2022;PARCELADO;4618"
"23-Márcia Araújo;Feminino;Candeias do Jamari/RO;28/05/1956;09/07/2022;C;28/09/2022;PARCELADO;5150"
"24-Nathan Ramos;Masculino;Itapuã do Oeste/RO;22/10/1962;25/07/2022;A;17/09/2022;CARTÃO DE CRÉDITO;1556"
"25-João Lucas Pires;Masculino;Vale do Paraíso/RO;19/09/1986;06/07/2022;;04/08/2022;PARCELADO;7480"
"26-Renata Oliveira;Feminino;Cacaulândia/RO;26/12/1976;01/07/2022;C;25/08/2022;PIX;1182"
"27-Ana Ferreira;Feminino;Alta Floresta D'Oeste/RO;23/01/1972;03/08/2022;C;12/08/2022;PARCELADO;8899"
"28-Henrique Alves;Masculino;Novo Horizonte do Oeste/RO;04/10/1971;09/07/2022;C;13/07/2022;CARTÃO DE DÉBITO;5150"
"29-André Machado;Masculino;Nova Brasilândia D'Oeste/RO;28/11/1996;11/07/2022;A;25/07/2022;PARCELADO;7480"
"30-Valentina Correia;Feminino;Costa Marques/RO;04/02/1957;17/07/2022;C;26/07/2022;PARCELADO;3180"
"31-Dr. Joaquim Lopes;Masculino;Ji-Paraná/RO;05/08/1969;31/07/2022;;11/08/2022;PARCELADO;1556"
"32-Sabrina Monteiro;Feminino;Alto Paraíso/RO;28/02/1974;05/07/2022;C;29/07/2022;PARCELADO;3180"
"33-Mariana Nascimento;Feminino;Governador Jorge Teixeira/RO;18/06/1977;16/08/2022;C;27/09/2022;CARTÃO DE CRÉDITO;3180"
"34-Sophia Moraes;Feminino;Cacoal/RO;22/03/1968;01/07/2022;C;28/07/2022;PARCELADO;8899"
"35-Cristiane Silveira;Feminino;Machadinho D'Oeste/RO;28/03/1957;11/07/2022;C;22/07/2022;PIX;8899"
"36-Vítor Rocha;Masculino;Espigão D'Oeste/RO;03/03/2001;05/08/2022;C;25/08/2022;PARCELADO;1492"
"37-João Guilherme Fonseca;Masculino;Cujubim/RO;15/08/1969;17/07/2022;A;04/09/2022;PARCELADO;3803"
"38-Dr. Marcelo Costa;Masculino;Cerejeiras/RO;20/07/1994;30/08/2022;C;25/09/2022;CARTÃO DE CRÉDITO;5150"
"39-Renata Carvalho;Feminino;Teixeirópolis/RO;16/08/1982;15/08/2022;A;22/08/2022;PARCELADO;789"
"40-Pietro Souza;Masculino;Cacoal/RO;19/05/1998;08/08/2022;B;30/09/2022;PARCELADO;7480"
"41-Henrique Ribeiro;Masculino;Colorado do Oeste/RO;12/03/1960;22/07/2022;B;19/08/2022;PARCELADO;4618"
"42-Miguel Teixeira;Masculino;Theobroma/RO;01/09/2003;08/07/2022;C;12/08/2022;PARCELADO;2054"
"43-Raul Mendes;Masculino;Cacoal/RO;28/09/1990;20/08/2022;;21/08/2022;CARTÃO DE CRÉDITO;2054"
"44-Marcelo Vieira;Masculino;Teixeirópolis/RO;31/08/1998;02/07/2022;C;11/09/2022;PARCELADO;1048"
"45-Valentina Silveira;Feminino;Pimenteiras do Oeste/RO;03/04/1972;12/08/2022;B;22/09/2022;PARCELADO;2054"
"46-Lucas Freitas;Masculino;Corumbiara/RO;27/12/1990;10/08/2022;C;21/09/2022;CARTÃO DE CRÉDITO;789"
"47-Beatriz Ribeiro;Feminino;Porto Velho/RO;15/08/1970;09/08/2022;B;12/08/2022;PARCELADO;8899"
"48-Beatriz Ferreira;Feminino;Alto Paraíso/RO;30/09/1959;11/07/2022;C;18/09/2022;PARCELADO;789"
"49-Cláudia Teixeira;Feminino;Chupinguaia/RO;25/06/1957;09/07/2022;;12/09/2022;CARTÃO DE CRÉDITO;6235"
"50-Patrícia Campos;Feminino;Cerejeiras/RO;07/03/1962;20/08/2022;C;13/09/2022;PIX;3180"
"51-Carolina Carvalho;Feminino;Cacoal/RO;19/12/1981;29/08/2022;B;05/09/2022;PIX;4618"
"52-Daniela Monteiro;Feminino;Alto Alegre dos Parecis/RO;27/07/1978;01/07/2022;C;27/07/2022;PIX;1620"
"53-Joaquim Oliveira;Masculino;Monte Negro/RO;16/07/1998;01/07/2022;B;10/09/2022;PARCELADO;2054"
"54-Mariana Castro;Feminino;Buritis/RO;15/07/1996;25/07/2022;C;20/08/2022;PARCELADO;3803"
"55-Bruna Fonseca;Feminino;Theobroma/RO;01/05/1970;02/07/2022;C;19/07/2022;CARTÃO DE CRÉDITO;789"
"56-Vinícius Castro;Masculino;Ministro Andreazza/RO;06/06/1995;29/08/2022;B;11/09/2022;CARTÃO DE DÉBITO;1182"
"57-Lucca Pereira;Masculino;Guajará-Mirim/RO;09/06/1968;07/08/2022;C;28/08/2022;CARTÃO DE CRÉDITO;3803"
"58-Miguel Ferreira;Masculino;Colorado do Oeste/RO;22/05/1968;22/07/2022;C;13/09/2022;PARCELADO;3180"
"59-Vitória Pereira;Feminino;Vilhena/RO;24/09/1998;17/08/2022;C;23/08/2022;CARTÃO DE DÉBITO;5150"
"60-Joaquim Sales;Masculino;Corumbiara/RO;20/11/1979;08/08/2022;C;11/08/2022;BOLETO;1048"
"61-Carolina Correia;Feminino;Santa Luzia D'Oeste/RO;30/11/1960;10/08/2022;;19/09/2022;BOLETO;1620"
"62-Márcia Mendes;Feminino;Rolim de Moura/RO;28/09/1965;28/08/2022;A;29/09/2022;CARTÃO DE CRÉDITO;1182"
"63-Amanda Araújo;Feminino;Corumbiara/RO;30/12/1970;12/08/2022;A;18/08/2022;PIX;1492"
"64-Larissa Cunha;Feminino;Guajará-Mirim/RO;02/07/1961;28/08/2022;C;05/09/2022;PARCELADO;1492"
"65-Arthur Ramos;Masculino;Theobroma/RO;23/09/1988;06/07/2022;;25/07/2022;CARTÃO DE CRÉDITO;1556"
"66-Larissa Coelho;Feminino;Castanheiras/RO;09/05/1968;27/07/2022;C;27/09/2022;PARCELADO;6235"
"67-Pietro Moraes;Masculino;Castanheiras/RO;13/03/1968;16/07/2022;;23/07/2022;BOLETO;3803"
"68-Mariana Souza;Feminino;Vilhena/RO;14/11/2002;10/08/2022;C;15/08/2022;PIX;6235"
"69-Raul Cunha;Masculino;Machadinho D'Oeste/RO;22/01/2002;20/07/2022;B;04/09/2022;BOLETO;1492"
"70-Diego Azevedo;Masculino;Vale do Anari/RO;10/05/1960;16/08/2022;C;13/09/2022;PIX;7480"
"71-Raquel Santos;Feminino;Guajará-Mirim/RO;20/12/1991;21/07/2022;A;09/09/2022;PARCELADO;5150"
"72-Joaquim Monteiro;Masculino;Cerejeiras/RO;04/11/2001;08/08/2022;;09/09/2022;BOLETO;8899"
"73-João Guilherme Cunha;Masculino;Cabixi/RO;09/07/1979;27/07/2022;C;19/08/2022;PARCELADO;3180"
"74-Cristiane Gomes;Feminino;Novo Horizonte do Oeste/RO;29/04/2003;22/07/2022;C;01/08/2022;CARTÃO DE DÉBITO;7480"
"75-Guilherme Alves;Masculino;Chupinguaia/RO;11/09/1985;22/07/2022;C;23/07/2022;CARTÃO DE CRÉDITO;1048"
"76-Lucca Lopes;Masculino;Vale do Anari/RO;06/12/1987;16/08/2022;B;06/09/2022;CARTÃO DE DÉBITO;6235"
"77-Alice Batista;Feminino;Corumbiara/RO;04/11/1975;19/08/2022;;03/09/2022;PARCELADO;1048"
"78-André Duarte;Masculino;Alvorada D'Oeste/RO;26/10/2003;17/07/2022;C;23/08/2022;PIX;6235"
"79-Camila Moraes;Feminino;Vale do Paraíso/RO;23/01/1965;10/07/2022;C;10/09/2022;PIX;5150"
"80-Raul Mendes;Masculino;Ariquemes/RO;28/04/1971;31/08/2022;A;13/09/2022;CARTÃO DE CRÉDITO;1182"
"81-João Guilherme Fonseca;Masculino;Governador Jorge Teixeira/RO;30/07/1972;16/07/2022;C;16/07/2022;PARCELADO;2054"
"82-Patrícia Correia;Feminino;Alta Floresta D'Oeste/RO;20/10/2000;15/07/2022;;27/08/2022;PARCELADO;5150"
"83-Cauã Monteiro;Masculino;Espigão D'Oeste/RO;28/04/1989;13/08/2022;A;23/09/2022;PARCELADO;2054"
"84-Manuela Moreira;Feminino;Governador Jorge Teixeira/RO;05/09/1980;09/07/2022;A;12/07/2022;PARCELADO;1182"
"85-Pietro Silveira;Masculino;Governador Jorge Teixeira/RO;15/01/1966;27/07/2022;C;31/08/2022;PARCELADO;1182"
"86-João Lucas Moreira;Masculino;Mirante da Serra/RO;18/07/1963;28/07/2022;C;27/09/2022;CARTÃO DE DÉBITO;2622"
"87-Laura Santos;Feminino;Jaru/RO;12/07/1958;19/07/2022;C;29/07/2022;PARCELADO;2622"
"88-Theo Lopes;Masculino;Ariquemes/RO;12/05/1998;16/08/2022;A;20/09/2022;BOLETO;8899"
"89-João Guilherme Pereira;Masculino;Alto Alegre dos Parecis/RO;16/05/1972;24/07/2022;C;17/09/2022;PARCELADO;1492"
"90-Camila Barbosa;Feminino;Alto Alegre dos Parecis/RO;23/04/1963;23/07/2022;C;21/09/2022;PARCELADO;2622"
"91-Nicolas Moreira;Masculino;Theobroma/RO;03/12/1973;10/08/2022;;22/08/2022;PARCELADO;4618"
"92-Rafael Batista;Masculino;Porto Velho/RO;09/08/1977;08/08/2022;B;19/09/2022;PIX;3803"
"93-André Cardoso;Masculino;Rolim de Moura/RO;10/10/1958;23/07/2022;;27/07/2022;PARCELADO;8899"
"94-Nicolas Rezende;Masculino;São Miguel do Guaporé/RO;27/01/1965;11/08/2022;C;28/08/2022;PARCELADO;3803"
"95-André Sales;Masculino;São Felipe D'Oeste/RO;27/12/1974;19/08/2022;;29/09/2022;PIX;1492"
"96-Renata Silveira;Feminino;Cacoal/RO;21/08/1979;27/07/2022;C;08/08/2022;PIX;1048"
"97-Thales Cunha;Masculino;Guajará-Mirim/RO;08/11/1977;05/08/2022;B;28/08/2022;PARCELADO;1182"
"98-Lucca Alves;Masculino;Nova Mamoré/RO;24/08/1965;24/08/2022;A;11/09/2022;PARCELADO;7480"
"99-Beatriz Martins;Feminino;Chupinguaia/RO;06/03/2003;05/08/2022;C;01/09/2022;BOLETO;789"
"100-Mariana Santos;Feminino;Cabixi/RO;26/09/1995;15/07/2022;C;19/08/2022;PARCELADO;1182"
"101-Theo Araújo;Masculino;Cacaulândia/RO;23/02/1974;02/07/2022;B;24/08/2022;CARTÃO DE DÉBITO;1492"
"102-Camila Campos;Feminino;Seringueiras/RO;05/09/1963;13/08/2022;B;04/09/2022;CARTÃO DE CRÉDITO;3803"
"103-Bianca Sales;Feminino;Vale do Paraíso/RO;18/03/1999;29/08/2022;A;03/09/2022;PARCELADO;1182"
"104-Rafael Mata;Masculino;Theobroma/RO;07/09/1975;29/07/2022;C;15/09/2022;CARTÃO DE CRÉDITO;1182"
"105-Pedro Lima;Masculino;Governador Jorge Teixeira/RO;14/06/1960;15/08/2022;C;30/09/2022;PARCELADO;7480"
"106-Theo Moraes;Masculino;Governador Jorge Teixeira/RO;22/03/1975;27/08/2022;C;23/09/2022;CARTÃO DE CRÉDITO;3803"
"107-Laura Silveira;Feminino;Governador Jorge Teixeira/RO;19/04/1959;13/08/2022;C;28/09/2022;CARTÃO DE CRÉDITO;4618"
"108-Daniela Coelho;Feminino;Vale do Anari/RO;10/11/1997;30/07/2022;B;21/08/2022;BOLETO;3180"
"109-Rafael Ferreira;Masculino;Alto Paraíso/RO;17/01/1957;06/07/2022;B;28/07/2022;PARCELADO;1620"
"110-Lucas Barbosa;Masculino;Porto Velho/RO;16/02/1961;22/07/2022;A;04/09/2022;BOLETO;8899"
"111-Bruna Vieira;Feminino;Vale do Paraíso/RO;12/01/1995;30/07/2022;C;29/08/2022;BOLETO;7480"
"112-Larissa Fonseca;Feminino;Rolim de Moura/RO;24/05/2001;09/07/2022;C;07/09/2022;PIX;5150"
"113-Rodrigo Correia;Masculino;Seringueiras/RO;29/10/1987;10/07/2022;B;12/09/2022;PARCELADO;1620"
"114-Vitória Teixeira;Feminino;Mirante da Serra/RO;13/12/1975;06/08/2022;C;15/08/2022;PARCELADO;5150"
"115-Sabrina Souza;Feminino;São Felipe D'Oeste/RO;06/10/1987;24/08/2022;C;22/09/2022;PARCELADO;8899"
"116-Beatriz Castro;Feminino;Castanheiras/RO;25/04/1992;10/07/2022;C;16/09/2022;PARCELADO;5150"
"117-Gabriel Freitas;Masculino;São Francisco do Guaporé/RO;14/05/1959;20/08/2022;;05/09/2022;CARTÃO DE CRÉDITO;1620"
"118-Isabela Mendes;Feminino;Buritis/RO;05/01/2001;13/08/2022;C;11/09/2022;CARTÃO DE CRÉDITO;2054"
"119-Guilherme Monteiro;Masculino;Corumbiara/RO;17/06/1993;05/07/2022;C;28/09/2022;PARCELADO;8899"
"120-Carolina Silveira;Feminino;Castanheiras/RO;19/04/1986;18/07/2022;C;26/08/2022;PARCELADO;789"
"121-Theo Batista;Masculino;Seringueiras/RO;11/11/1966;06/07/2022;A;21/07/2022;PIX;2622"
"122-Mariana Rezende;Feminino;Ariquemes/RO;28/01/1999;28/08/2022;C;07/09/2022;BOLETO;1620"
"123-Eduardo Souza;Masculino;Parecis/RO;07/03/1980;19/08/2022;C;04/09/2022;PARCELADO;1492"
"124-Natália Silveira;Feminino;Governador Jorge Teixeira/RO;02/05/1991;09/07/2022;C;24/07/2022;PARCELADO;4618"
"125-João Lucas Azevedo;Masculino;Governador Jorge Teixeira/RO;29/06/1977;01/08/2022;;04/08/2022;PARCELADO;1620"
"126-Vanessa Costa;Feminino;Nova União/RO;21/12/1994;16/08/2022;;20/08/2022;PARCELADO;1620"
"127-Bryan Freitas;Masculino;Vale do Paraíso/RO;27/04/2000;05/08/2022;C;20/08/2022;BOLETO;1492"
"128-Vitória Araújo;Feminino;Primavera de Rondônia/RO;07/11/1993;05/08/2022;C;25/08/2022;PARCELADO;3803"
"129-Sabrina Sales;Feminino;Cujubim/RO;25/08/1970;06/07/2022;C;11/07/2022;CARTÃO DE DÉBITO;3803"
"130-Gustavo Vieira;Masculino;Jaru/RO;04/09/1958;29/08/2022;C;30/08/2022;PARCELADO;7480"
"131-Bianca Duarte;Feminino;Porto Velho/RO;01/10/1957;11/08/2022;;06/09/2022;PARCELADO;4618"
"132-Caio Nascimento;Masculino;São Felipe D'Oeste/RO;13/07/2000;30/08/2022;A;02/09/2022;PIX;1620"
"133-Sophia Moraes;Feminino;Pimenteiras do Oeste/RO;21/12/1970;15/08/2022;A;23/09/2022;PARCELADO;2054"
"134-Gabriel Barbosa;Masculino;Colorado do Oeste/RO;02/08/1991;22/07/2022;C;17/09/2022;CARTÃO DE DÉBITO;6235"
"135-Breno Nogueira;Masculino;Costa Marques/RO;01/08/1991;03/07/2022;A;18/09/2022;PARCELADO;2054"
"136-Lucca Ferreira;Masculino;Rio Crespo/RO;01/11/1998;17/08/2022;A;03/09/2022;CARTÃO DE CRÉDITO;789"
"137-Débora Souza;Feminino;Nova Brasilândia D'Oeste/RO;28/02/1995;03/08/2022;C;03/09/2022;PARCELADO;3803"
"138-Natália Gomes;Feminino;Cabixi/RO;04/08/1977;01/08/2022;C;24/08/2022;PARCELADO;5150"
"139-Aline Machado;Feminino;Ouro Preto do Oeste/RO;16/01/1959;06/08/2022;C;09/08/2022;PIX;1492"
"140-Gabriela Mata;Feminino;Rolim de Moura/RO;13/04/1970;02/08/2022;C;17/08/2022;PARCELADO;1620"
"141-Cauã Ramos;Masculino;Guajará-Mirim/RO;14/11/1977;12/08/2022;A;16/08/2022;PARCELADO;3180"
"142-Amanda Mata;Feminino;Vale do Anari/RO;15/06/1971;08/08/2022;B;22/09/2022;PARCELADO;2054"
"143-Bruna Monteiro;Feminino;Ouro Preto do Oeste/RO;08/10/1956;14/07/2022;A;28/07/2022;CARTÃO DE CRÉDITO;789"
"144-Gabriel Carvalho;Masculino;Costa Marques/RO;11/04/2000;14/07/2022;B;21/09/2022;BOLETO;1620"
"145-Priscila Souza;Feminino;Pimenteiras do Oeste/RO;11/01/1988;05/07/2022;C;21/07/2022;PIX;5150"
"146-Gabriel Ferreira;Masculino;Parecis/RO;20/03/1976;03/08/2022;C;29/09/2022;CARTÃO DE CRÉDITO;2054"
"147-Vitória Araújo;Feminino;São Miguel do Guaporé/RO;12/06/1957;11/07/2022;C;15/07/2022;PARCELADO;1048"
"148-Thales Cardoso;Masculino;Santa Luzia D'Oeste/RO;02/04/1997;19/08/2022;C;29/09/2022;BOLETO;8899"
"149-Valentina Nascimento;Feminino;Santa Luzia D'Oeste/RO;20/07/1972;17/08/2022;C;20/09/2022;PARCELADO;1556"
"150-Carolina Ramos;Feminino;Novo Horizonte do Oeste/RO;19/02/1972;14/07/2022;C;02/08/2022;PARCELADO;1556"
"151-Vitória Souza;Feminino;Urupá/RO;28/05/1997;01/07/2022;C;12/08/2022;PIX;7480"
"152-Marcelo Carvalho;Masculino;Alto Alegre dos Parecis/RO;12/02/1999;30/08/2022;B;31/08/2022;PARCELADO;1620"
"153-Natália Azevedo;Feminino;Costa Marques/RO;18/06/1970;13/07/2022;C;26/07/2022;PARCELADO;4618"
"154-Vítor Silveira;Masculino;Monte Negro/RO;19/08/1986;31/08/2022;C;27/09/2022;PARCELADO;3180"
"155-Rafael Santos;Masculino;Colorado do Oeste/RO;29/09/1982;28/08/2022;C;19/09/2022;PARCELADO;1556"
"156-Gabriel Batista;Masculino;Rolim de Moura/RO;26/08/1959;26/08/2022;B;21/09/2022;PARCELADO;7480"
"157-Pietro Cardoso;Masculino;Buritis/RO;09/05/1968;23/07/2022;B;09/08/2022;BOLETO;1048"
"158-Larissa Vieira;Feminino;Santa Luzia D'Oeste/RO;22/09/1990;12/07/2022;C;12/07/2022;PARCELADO;2054"
"159-João Guilherme Monteiro;Masculino;Cerejeiras/RO;04/07/2003;17/08/2022;B;10/09/2022;CARTÃO DE CRÉDITO;1182"
"160-João Lucas Batista;Masculino;Campo Novo de Rondônia/RO;30/04/1973;23/07/2022;C;17/09/2022;PARCELADO;6235"
"161-Theo Coelho;Masculino;Vale do Paraíso/RO;28/01/1961;15/07/2022;C;16/08/2022;PARCELADO;5150"
"162-Fernanda Souza;Feminino;Alta Floresta D'Oeste/RO;22/02/1983;26/07/2022;C;06/08/2022;CARTÃO DE DÉBITO;3180"
"163-Daniela Carvalho;Feminino;Governador Jorge Teixeira/RO;30/05/1979;25/07/2022;A;26/09/2022;CARTÃO DE CRÉDITO;3803"
"164-Márcia Freitas;Feminino;Colorado do Oeste/RO;13/11/2002;02/08/2022;C;06/09/2022;PARCELADO;1620"
"165-Guilherme Souza;Masculino;Cujubim/RO;17/11/2000;18/07/2022;C;04/09/2022;CARTÃO DE CRÉDITO;8899"
"166-Renata Cunha;Feminino;Cacaulândia/RO;08/09/1965;12/08/2022;C;03/09/2022;PARCELADO;1048"
"167-Juliana Carvalho;Feminino;Teixeirópolis/RO;31/10/2000;14/07/2022;;18/08/2022;BOLETO;1492"
"168-Márcia Campos;Feminino;Seringueiras/RO;16/10/1991;17/08/2022;C;09/09/2022;BOLETO;1620"
"169-Pietro Santos;Masculino;Candeias do Jamari/RO;21/09/1987;15/07/2022;C;16/08/2022;PARCELADO;6235"
"170-Alice Moraes;Feminino;Jaru/RO;24/03/1956;24/07/2022;B;29/09/2022;PARCELADO;1620"
"171-Diego Correia;Masculino;Alto Alegre dos Parecis/RO;14/12/1964;01/08/2022;C;15/09/2022;BOLETO;3180"
"172-Bruna Ramos;Feminino;Nova União/RO;21/09/1976;08/08/2022;;16/08/2022;BOLETO;1048"
"173-Rafael Mata;Masculino;Rolim de Moura/RO;03/07/1980;19/07/2022;;19/07/2022;BOLETO;6235"
"174-Vinícius Vieira;Masculino;Nova Mamoré/RO;28/02/1979;21/08/2022;C;09/09/2022;CARTÃO DE DÉBITO;1556"
"175-João Felipe Souza;Masculino;Ji-Paraná/RO;30/10/1983;09/07/2022;C;18/07/2022;CARTÃO DE DÉBITO;1182"
"176-João Felipe Lima;Masculino;Cacoal/RO;02/05/1977;27/08/2022;B;28/09/2022;BOLETO;1492"
"177-Leonardo Nascimento;Masculino;Vale do Paraíso/RO;20/08/1977;22/08/2022;C;25/09/2022;PARCELADO;789"
"178-Gabriel Gomes;Masculino;Ji-Paraná/RO;24/09/1960;09/07/2022;C;17/08/2022;PARCELADO;1620"
"179-Dr. Diego Nogueira;Masculino;Primavera de Rondônia/RO;26/09/1959;21/08/2022;C;31/08/2022;PIX;789"
"180-Bianca Teixeira;Feminino;Primavera de Rondônia/RO;06/05/1967;19/07/2022;C;30/08/2022;PIX;7480"
"181-Danilo Castro;Masculino;Theobroma/RO;19/02/1956;30/07/2022;C;28/08/2022;CARTÃO DE DÉBITO;5150"
"182-Thales Correia;Masculino;Parecis/RO;18/06/1978;02/08/2022;C;14/09/2022;CARTÃO DE CRÉDITO;6235"
"183-Eduardo Cardoso;Masculino;Colorado do Oeste/RO;04/02/1983;23/07/2022;C;27/07/2022;CARTÃO DE CRÉDITO;1620"
"184-Sabrina Ribeiro;Feminino;Castanheiras/RO;02/01/1983;24/07/2022;C;31/08/2022;CARTÃO DE DÉBITO;3803"
"185-Diego Duarte;Masculino;São Francisco do Guaporé/RO;15/12/1995;09/07/2022;B;28/09/2022;PARCELADO;5150"
"186-Gustavo Carvalho;Masculino;Candeias do Jamari/RO;25/01/1962;20/07/2022;A;25/09/2022;CARTÃO DE CRÉDITO;1182"
"187-Guilherme Coelho;Masculino;Vilhena/RO;22/05/1984;10/08/2022;B;28/09/2022;PARCELADO;1182"
"188-Daniela Freitas;Feminino;Urupá/RO;08/05/1976;28/07/2022;C;29/09/2022;PARCELADO;1048"
"189-Laura Batista;Feminino;Cujubim/RO;14/06/1965;14/08/2022;C;16/09/2022;PIX;2622"
"190-Mariana Nascimento;Feminino;Cacoal/RO;12/07/1978;20/08/2022;C;21/09/2022;CARTÃO DE CRÉDITO;4618"
"191-Bryan Nascimento;Masculino;Rio Crespo/RO;26/05/2003;21/08/2022;C;22/08/2022;PARCELADO;2054"
"192-Carolina Vieira;Feminino;Campo Novo de Rondônia/RO;21/12/1986;08/07/2022;C;07/08/2022;CARTÃO DE DÉBITO;7480"
"193-Cláudia Castro;Feminino;Campo Novo de Rondônia/RO;30/03/1995;10/07/2022;C;21/07/2022;PIX;2622"
"194-Ana Monteiro;Feminino;Campo Novo de Rondônia/RO;13/12/1979;11/08/2022;B;28/09/2022;BOLETO;789"
"195-Renata Mata;Feminino;Novo Horizonte do Oeste/RO;23/06/1958;29/08/2022;C;02/09/2022;CARTÃO DE DÉBITO;1048"
"196-Bruno Oliveira;Masculino;Alto Alegre dos Parecis/RO;30/01/1967;26/07/2022;C;19/08/2022;CARTÃO DE DÉBITO;789"
"197-Renata Castro;Feminino;Alta Floresta D'Oeste/RO;27/12/1989;12/07/2022;C;19/09/2022;PARCELADO;8899"
"198-Cauã Alves;Masculino;Ministro Andreazza/RO;24/03/1993;16/08/2022;A;19/09/2022;PARCELADO;1182"
"199-Juliana Fonseca;Feminino;Mirante da Serra/RO;28/03/1992;03/07/2022;C;09/09/2022;PARCELADO;6235"
"200-Rodrigo Machado;Masculino;Rolim de Moura/RO;18/10/1978;25/07/2022;C;06/09/2022;BOLETO;789"
"201-Gabriel Silveira;Masculino;Cerejeiras/RO;19/05/1965;31/08/2022;B;06/09/2022;PARCELADO;2054"
"202-Cauã Monteiro;Masculino;Guajará-Mirim/RO;26/01/1995;12/08/2022;C;14/08/2022;PARCELADO;4618"
"203-Bianca Azevedo;Feminino;Santa Luzia D'Oeste/RO;29/01/1999;05/08/2022;C;14/09/2022;CARTÃO DE CRÉDITO;5150"
"204-Camila Souza;Feminino;Vilhena/RO;30/03/1982;23/07/2022;C;15/09/2022;PARCELADO;1048"
"205-Bruno Araújo;Masculino;Porto Velho/RO;10/05/1961;18/08/2022;;19/08/2022;PIX;789"
"206-Larissa Machado;Feminino;Theobroma/RO;05/07/1980;30/07/2022;B;02/08/2022;BOLETO;3803"
"207-Vítor Teixeira;Masculino;Jaru/RO;05/12/1998;10/08/2022;;11/09/2022;PIX;1556"
"208-Rodrigo Mata;Masculino;Mirante da Serra/RO;25/03/1996;28/07/2022;;20/08/2022;CARTÃO DE CRÉDITO;2054"
"209-Larissa Pereira;Feminino;Novo Horizonte do Oeste/RO;26/11/1968;31/07/2022;C;22/09/2022;CARTÃO DE CRÉDITO;2622"
"210-Joaquim Ferreira;Masculino;São Miguel do Guaporé/RO;17/08/1996;19/08/2022;B;28/09/2022;PARCELADO;4618"
"211-Laura Freitas;Feminino;Rolim de Moura/RO;13/08/1968;02/08/2022;A;26/08/2022;PARCELADO;6235"
"212-Henrique Oliveira;Masculino;Alta Floresta D'Oeste/RO;10/11/1971;20/07/2022;C;28/09/2022;CARTÃO DE CRÉDITO;5150"
"213-Diego Araújo;Masculino;Porto Velho/RO;02/10/1976;24/08/2022;C;23/09/2022;CARTÃO DE DÉBITO;8899"
"214-Diego Nogueira;Masculino;Nova Brasilândia D'Oeste/RO;25/11/1959;04/07/2022;;22/09/2022;PARCELADO;1048"
"215-Lucca Coelho;Masculino;Nova Brasilândia D'Oeste/RO;24/06/1984;12/08/2022;B;14/09/2022;CARTÃO DE CRÉDITO;789"
"216-Sophia Araújo;Feminino;Teixeirópolis/RO;14/03/1956;05/08/2022;B;15/09/2022;PARCELADO;1492"
"217-Aline Pereira;Feminino;Pimenta Bueno/RO;11/03/1997;08/07/2022;B;09/07/2022;PARCELADO;8899"
"218-Carolina Moraes;Feminino;Pimenta Bueno/RO;09/06/1984;25/07/2022;B;18/08/2022;PARCELADO;4618"
"219-Raul Monteiro;Masculino;Jaru/RO;12/02/2002;03/08/2022;B;13/09/2022;CARTÃO DE CRÉDITO;2054"
"220-Helena Sales;Feminino;Cacaulândia/RO;30/05/1996;08/07/2022;B;11/08/2022;PIX;4618"
"221-Vitória Pires;Feminino;Governador Jorge Teixeira/RO;06/07/1994;14/08/2022;C;07/09/2022;CARTÃO DE CRÉDITO;1182"
"222-Lucca Coelho;Masculino;Urupá/RO;20/07/1973;21/08/2022;;19/09/2022;PARCELADO;3803"
"223-Vítor Nascimento;Masculino;Porto Velho/RO;14/04/1957;28/08/2022;B;13/09/2022;BOLETO;5150"
"224-Nathan Castro;Masculino;Teixeirópolis/RO;31/05/1971;03/07/2022;C;02/09/2022;BOLETO;4618"
"225-Guilherme Batista;Masculino;Alto Paraíso/RO;31/03/1959;26/07/2022;B;09/09/2022;CARTÃO DE CRÉDITO;5150"
"226-Danilo Monteiro;Masculino;Costa Marques/RO;12/07/1976;24/08/2022;A;23/09/2022;BOLETO;1620"
"227-João Lucas Teixeira;Masculino;Cacoal/RO;23/11/1984;12/07/2022;A;04/09/2022;PARCELADO;3803"
"228-Cauã Azevedo;Masculino;Mirante da Serra/RO;28/11/1955;21/08/2022;;22/08/2022;PARCELADO;2622"
"229-Eduardo Fonseca;Masculino;Itapuã do Oeste/RO;26/02/1978;13/08/2022;;23/08/2022;PARCELADO;1556"
"230-João Guilherme Teixeira;Masculino;Jaru/RO;27/09/1993;11/07/2022;C;27/08/2022;PARCELADO;1620"
"231-Alice Araújo;Feminino;Cerejeiras/RO;27/12/1989;09/08/2022;C;07/09/2022;PARCELADO;4618"
"232-Bruna Costa;Feminino;Jaru/RO;20/08/1989;20/08/2022;C;20/08/2022;PARCELADO;8899"
"233-André Coelho;Masculino;Alto Paraíso/RO;10/09/1965;20/08/2022;C;18/09/2022;CARTÃO DE CRÉDITO;5150"
"234-Alice Gomes;Feminino;São Francisco do Guaporé/RO;15/09/1971;02/07/2022;A;22/08/2022;BOLETO;2054"
"235-Caio Vieira;Masculino;Itapuã do Oeste/RO;25/08/1997;04/08/2022;;14/08/2022;PARCELADO;2622"
"236-Amanda Ferreira;Feminino;São Francisco do Guaporé/RO;10/10/1972;27/08/2022;;30/08/2022;CARTÃO DE DÉBITO;2054"
"237-Luana Castro;Feminino;Espigão D'Oeste/RO;06/03/1982;30/08/2022;C;13/09/2022;CARTÃO DE CRÉDITO;8899"
"238-Cristiane Duarte;Feminino;Cacoal/RO;24/11/1982;26/07/2022;;16/09/2022;PARCELADO;5150"
"239-Juliana Duarte;Feminino;São Miguel do Guaporé/RO;28/10/1958;04/08/2022;;16/09/2022;PIX;1492"
"240-Maria Mata;Feminino;Chupinguaia/RO;30/03/1996;19/08/2022;B;12/09/2022;PARCELADO;1620"
"241-Amanda Teixeira;Feminino;Cacoal/RO;01/07/1959;18/08/2022;C;28/08/2022;PARCELADO;4618"
"242-Márcia Sales;Feminino;Guajará-Mirim/RO;05/10/2002;03/07/2022;C;23/09/2022;PARCELADO;2622"
"243-Renata Lopes;Feminino;Rolim de Moura/RO;18/03/1962;13/08/2022;C;24/08/2022;PARCELADO;1182"
"244-Vinícius Sales;Masculino;Machadinho D'Oeste/RO;27/01/2003;24/07/2022;C;28/08/2022;CARTÃO DE CRÉDITO;3180"
"245-Helena Nogueira;Feminino;Pimenteiras do Oeste/RO;12/04/2001;23/08/2022;C;28/08/2022;CARTÃO DE CRÉDITO;7480"
"246-Vanessa Castro;Feminino;Castanheiras/RO;21/08/1987;21/08/2022;C;31/08/2022;PARCELADO;5150"
"247-Dr. Guilherme Cardoso;Masculino;Machadinho D'Oeste/RO;14/10/1964;01/07/2022;B;12/08/2022;PARCELADO;1048"
"248-Bruna Ramos;Feminino;Nova Mamoré/RO;20/02/1987;30/07/2022;C;16/09/2022;PARCELADO;3180"
"249-Marcelo Moreira;Masculino;Vale do Paraíso/RO;06/04/1960;04/07/2022;C;03/09/2022;CARTÃO DE CRÉDITO;1492"
"250-Nicolas Lima;Masculino;Rolim de Moura/RO;25/02/1978;17/08/2022;;20/09/2022;PARCELADO;2054"
"251-Alice Azevedo;Feminino;Monte Negro/RO;09/03/1987;10/08/2022;A;17/08/2022;PIX;6235"
"252-Vítor Souza;Masculino;Ji-Paraná/RO;09/02/1995;25/08/2022;C;06/09/2022;BOLETO;5150"
"253-Fernanda Pereira;Feminino;Seringueiras/RO;22/08/1993;17/08/2022;C;25/08/2022;PIX;3180"
"254-Bruna Costa;Feminino;Castanheiras/RO;02/01/1965;08/07/2022;C;04/09/2022;PARCELADO;1048"
"255-Vítor Silveira;Masculino;Campo Novo de Rondônia/RO;15/02/1959;11/08/2022;A;17/08/2022;BOLETO;2054"
"256-Raul Silveira;Masculino;Parecis/RO;27/01/1968;27/07/2022;C;04/08/2022;CARTÃO DE DÉBITO;3180"
"257-Cristiane Pereira;Feminino;Primavera de Rondônia/RO;13/07/1969;03/07/2022;C;30/08/2022;BOLETO;5150"
"258-Laura Vieira;Feminino;Alvorada D'Oeste/RO;20/05/1960;13/08/2022;A;07/09/2022;PARCELADO;3803"
"259-Vitória Araújo;Feminino;Teixeirópolis/RO;30/06/1990;16/08/2022;C;19/08/2022;PARCELADO;1620"
"260-Fernanda Fonseca;Feminino;Porto Velho/RO;02/08/1999;20/07/2022;C;29/07/2022;PARCELADO;8899"
"261-Beatriz Mendes;Feminino;Cacoal/RO;21/02/2003;12/08/2022;A;25/08/2022;CARTÃO DE DÉBITO;2054"
"262-Diego Alves;Masculino;Itapuã do Oeste/RO;10/09/1987;16/07/2022;B;22/09/2022;PARCELADO;5150"
"263-Lucas Oliveira;Masculino;Cacaulândia/RO;18/11/1977;25/08/2022;C;01/09/2022;PARCELADO;1620"
"264-Lucas Fonseca;Masculino;Ouro Preto do Oeste/RO;20/02/2003;18/07/2022;C;25/08/2022;PARCELADO;789"
"265-Diego Monteiro;Masculino;Cujubim/RO;05/01/1987;18/08/2022;B;29/09/2022;PIX;3180"
"266-Gustavo Alves;Masculino;Jaru/RO;31/05/1975;18/08/2022;C;27/08/2022;PIX;1556"
"267-Vítor Castro;Masculino;Alto Alegre dos Parecis/RO;23/04/1975;04/08/2022;B;02/09/2022;CARTÃO DE CRÉDITO;3180"
"268-Raquel Freitas;Feminino;Costa Marques/RO;29/04/1989;23/08/2022;C;20/09/2022;CARTÃO DE CRÉDITO;1492"
"269-João Guilherme Ribeiro;Masculino;Colorado do Oeste/RO;24/06/1971;11/07/2022;C;31/08/2022;PIX;6235"
"270-Luana Sales;Feminino;Rolim de Moura/RO;15/01/1972;22/08/2022;C;01/09/2022;CARTÃO DE DÉBITO;5150"
"271-Letícia Azevedo;Feminino;Cerejeiras/RO;21/05/1987;12/08/2022;C;03/09/2022;CARTÃO DE CRÉDITO;3803"
"272-João Guilherme Ramos;Masculino;Nova União/RO;29/01/1959;13/08/2022;;21/09/2022;PARCELADO;789"
"273-Sabrina Nogueira;Feminino;Ji-Paraná/RO;11/05/1981;27/07/2022;A;20/08/2022;CARTÃO DE CRÉDITO;2054"
"274-João Felipe Sales;Masculino;Nova Brasilândia D'Oeste/RO;08/05/1985;10/08/2022;B;12/08/2022;PARCELADO;5150"
"275-Laura Alves;Feminino;Rio Crespo/RO;26/05/1981;18/08/2022;;27/09/2022;PARCELADO;4618"
"276-Rodrigo Ramos;Masculino;Ministro Andreazza/RO;16/06/1996;20/08/2022;B;29/08/2022;PARCELADO;4618"
"277-Cláudia Santos;Feminino;Alta Floresta D'Oeste/RO;06/11/1989;26/08/2022;C;05/09/2022;PARCELADO;3180"
"278-Joaquim Lima;Masculino;Cacoal/RO;21/08/1974;01/07/2022;;26/09/2022;PIX;789"
"279-Beatriz Sales;Feminino;Primavera de Rondônia/RO;02/01/1960;27/08/2022;C;29/08/2022;CARTÃO DE CRÉDITO;3180"
"280-Amanda Batista;Feminino;Costa Marques/RO;26/09/1956;18/07/2022;C;03/09/2022;PARCELADO;6235"
"281-Priscila Pereira;Feminino;Cacaulândia/RO;19/09/1968;17/07/2022;;21/08/2022;PARCELADO;1556"
"282-Breno Mendes;Masculino;Mirante da Serra/RO;01/07/1961;25/07/2022;;26/08/2022;PARCELADO;2622"
"283-Camila Freitas;Feminino;Pimenta Bueno/RO;29/05/1961;20/07/2022;;04/09/2022;PARCELADO;1556"
"284-Lucas Mata;Masculino;Nova Brasilândia D'Oeste/RO;17/10/1973;21/07/2022;C;20/09/2022;PARCELADO;8899"
"285-Leonardo Rocha;Masculino;Chupinguaia/RO;09/12/1974;25/08/2022;B;18/09/2022;PARCELADO;8899"
"286-Letícia Duarte;Feminino;Monte Negro/RO;13/07/1997;28/08/2022;C;13/09/2022;PARCELADO;2622"
"287-Sabrina Silveira;Feminino;Cabixi/RO;25/04/1982;31/08/2022;C;28/09/2022;PARCELADO;1620"
"288-Bianca Ferreira;Feminino;Seringueiras/RO;17/08/1956;29/07/2022;C;19/09/2022;CARTÃO DE CRÉDITO;1620"
"289-Sophia Silveira;Feminino;Alto Paraíso/RO;14/12/1967;23/08/2022;C;24/08/2022;PARCELADO;3803"
"290-Daniela Cunha;Feminino;Monte Negro/RO;02/10/1973;07/07/2022;A;09/09/2022;PARCELADO;7480"
"291-Vítor Nogueira;Masculino;Nova Brasilândia D'Oeste/RO;07/02/1957;20/07/2022;C;22/07/2022;PARCELADO;8899"
"292-Luana Machado;Feminino;Ariquemes/RO;16/08/1970;30/07/2022;C;21/09/2022;PIX;3803"
"293-Guilherme Nogueira;Masculino;Primavera de Rondônia/RO;01/01/1998;08/07/2022;B;09/09/2022;PARCELADO;2622"
"294-Raul Rocha;Masculino;Rolim de Moura/RO;06/11/1956;17/07/2022;C;18/08/2022;CARTÃO DE CRÉDITO;7480"
"295-Alice Nogueira;Feminino;Cacaulândia/RO;23/10/1964;30/08/2022;C;27/09/2022;CARTÃO DE CRÉDITO;2622"
"296-Bruno Monteiro;Masculino;Seringueiras/RO;08/09/1980;06/08/2022;B;01/09/2022;PARCELADO;1620"
"297-Eduardo Nogueira;Masculino;Ariquemes/RO;27/11/1996;28/07/2022;C;02/08/2022;CARTÃO DE DÉBITO;789"
"298-Maria Ramos;Feminino;Castanheiras/RO;12/07/1967;24/08/2022;C;06/09/2022;PARCELADO;3803"
"299-Bianca Silveira;Feminino;Seringueiras/RO;28/05/1967;07/08/2022;C;04/09/2022;BOLETO;7480"
"300-Theo Sales;Masculino;Seringueiras/RO;23/08/1967;20/08/2022;C;07/09/2022;BOLETO;7480"
"301-Valentina Ribeiro;Feminino;São Francisco do Guaporé/RO;21/10/1963;21/08/2022;C;17/09/2022;PIX;3180"
"302-Gustavo Ribeiro;Masculino;Nova Mamoré/RO;01/12/1996;23/07/2022;C;24/08/2022;PARCELADO;1048"
"303-Daniel Barbosa;Masculino;Costa Marques/RO;24/06/1970;22/08/2022;C;13/09/2022;CARTÃO DE CRÉDITO;4618"
"304-Breno Campos;Masculino;Rio Crespo/RO;22/01/1975;28/07/2022;C;30/07/2022;PARCELADO;7480"
"305-Henrique Vieira;Masculino;Colorado do Oeste/RO;30/03/1982;28/08/2022;;13/09/2022;PIX;1182"
"306-Camila Correia;Feminino;Santa Luzia D'Oeste/RO;05/12/1975;31/07/2022;A;22/09/2022;PIX;7480"
"307-Nathan Oliveira;Masculino;Nova Mamoré/RO;19/11/1990;12/07/2022;;16/09/2022;PARCELADO;8899"
"308-Caio Lima;Masculino;Porto Velho/RO;31/08/1988;04/08/2022;C;15/09/2022;PARCELADO;1182"
"309-Carolina Oliveira;Feminino;Nova Mamoré/RO;30/01/1970;05/07/2022;C;15/08/2022;PARCELADO;1556"
"310-Vanessa Pires;Feminino;Candeias do Jamari/RO;29/06/1994;29/08/2022;C;14/09/2022;PARCELADO;789"
"311-Miguel Ramos;Masculino;Pimenta Bueno/RO;07/12/1995;30/07/2022;C;26/08/2022;PARCELADO;6235"
"312-Márcia Oliveira;Feminino;Campo Novo de Rondônia/RO;02/06/1967;14/07/2022;;19/09/2022;PARCELADO;1182"
"313-Cláudia Azevedo;Feminino;Teixeirópolis/RO;03/03/1977;25/08/2022;C;28/09/2022;PARCELADO;6235"
"314-Bruno Araújo;Masculino;Nova Brasilândia D'Oeste/RO;06/05/1998;10/07/2022;;17/07/2022;PIX;1182"
"315-Patrícia Barbosa;Feminino;Itapuã do Oeste/RO;03/10/1983;06/08/2022;;27/09/2022;PARCELADO;1182"
"316-Bruna Nascimento;Feminino;Monte Negro/RO;02/05/1993;09/08/2022;C;20/08/2022;BOLETO;1620"
"317-Gabriela Cunha;Feminino;Pimenteiras do Oeste/RO;22/02/1986;21/08/2022;C;02/09/2022;PARCELADO;6235"
"318-Daniel Ribeiro;Masculino;Pimenta Bueno/RO;17/04/1991;26/08/2022;C;01/09/2022;PIX;7480"
"319-Juliana Teixeira;Feminino;Costa Marques/RO;11/10/1970;08/08/2022;C;29/08/2022;BOLETO;7480"
"320-Patrícia Martins;Feminino;Seringueiras/RO;09/11/1985;21/08/2022;C;18/09/2022;CARTÃO DE CRÉDITO;7480"
"321-Vitória Fonseca;Feminino;Cacaulândia/RO;16/02/1960;11/08/2022;;19/08/2022;PARCELADO;789"
"322-Rodrigo Coelho;Masculino;Cacaulândia/RO;13/08/1991;10/07/2022;C;20/08/2022;PARCELADO;8899"
"323-Diego Pires;Masculino;Machadinho D'Oeste/RO;13/11/1967;05/08/2022;C;04/09/2022;PARCELADO;6235"
"324-Débora Castro;Feminino;Machadinho D'Oeste/RO;09/07/1981;24/07/2022;C;17/08/2022;PARCELADO;1556"
"325-Eduardo Azevedo;Masculino;Machadinho D'Oeste/RO;09/08/1965;14/08/2022;C;03/09/2022;CARTÃO DE CRÉDITO;3803"
"326-Vinícius Duarte;Masculino;Presidente Médici/RO;26/03/1995;30/07/2022;C;16/08/2022;PARCELADO;1182"
"327-Matheus Santos;Masculino;Cacoal/RO;23/12/1956;13/07/2022;C;30/08/2022;PIX;2054"
"328-Sophia Gomes;Feminino;Cabixi/RO;01/01/1991;26/07/2022;C;04/08/2022;PARCELADO;1182"
"329-Cauã Machado;Masculino;Rolim de Moura/RO;24/12/1973;04/08/2022;C;31/08/2022;PARCELADO;5150"
"330-Débora Machado;Feminino;Alto Paraíso/RO;12/09/1983;10/08/2022;C;08/09/2022;CARTÃO DE CRÉDITO;2054"
"331-Lucas Martins;Masculino;Cabixi/RO;28/12/1962;03/08/2022;C;18/08/2022;CARTÃO DE DÉBITO;1182"
"332-Priscila Ribeiro;Feminino;Pimenta Bueno/RO;19/09/2001;08/08/2022;B;23/09/2022;CARTÃO DE CRÉDITO;4618"
"333-João Felipe Ribeiro;Masculino;Parecis/RO;28/12/1970;16/08/2022;C;07/09/2022;CARTÃO DE CRÉDITO;7480"
"334-Theo Campos;Masculino;Nova Mamoré/RO;30/09/1961;26/07/2022;B;05/08/2022;PARCELADO;7480"
"335-Henrique Ribeiro;Masculino;Alta Floresta D'Oeste/RO;11/10/1990;08/07/2022;B;14/07/2022;CARTÃO DE CRÉDITO;6235"
"336-João Guilherme Teixeira;Masculino;Nova União/RO;10/04/1975;26/07/2022;C;01/08/2022;PARCELADO;7480"
"337-Vítor Rezende;Masculino;Ji-Paraná/RO;29/12/1998;23/07/2022;B;06/08/2022;PIX;8899"
"338-Marcelo Cunha;Masculino;Machadinho D'Oeste/RO;19/03/1978;07/07/2022;C;16/08/2022;PARCELADO;1048"
"339-Pedro Oliveira;Masculino;Jaru/RO;04/02/2003;31/08/2022;C;13/09/2022;CARTÃO DE CRÉDITO;1048"
"340-Rafael Rocha;Masculino;Mirante da Serra/RO;13/07/1981;01/07/2022;C;12/08/2022;PARCELADO;1556"
"341-Maria Monteiro;Feminino;Santa Luzia D'Oeste/RO;24/11/1984;30/08/2022;B;30/09/2022;PIX;1048"
"342-Nicolas Nogueira;Masculino;Nova Brasilândia D'Oeste/RO;08/03/1971;25/08/2022;C;17/09/2022;PIX;7480"
"343-Fernanda Mendes;Feminino;Urupá/RO;14/04/1978;28/07/2022;C;01/09/2022;PARCELADO;1182"
"344-Pietro Freitas;Masculino;Costa Marques/RO;22/04/1975;20/07/2022;C;24/09/2022;CARTÃO DE CRÉDITO;3180"
"345-Larissa Ramos;Feminino;Costa Marques/RO;20/12/1989;23/08/2022;B;07/09/2022;PARCELADO;4618"
"346-Renata Ribeiro;Feminino;Vale do Anari/RO;08/11/1969;02/08/2022;B;16/08/2022;CARTÃO DE CRÉDITO;6235"
"347-Daniel Costa;Masculino;Ji-Paraná/RO;24/10/1957;12/08/2022;C;26/09/2022;PIX;1620"
"348-João Felipe Rocha;Masculino;Vale do Anari/RO;15/09/1986;21/08/2022;A;10/09/2022;BOLETO;4618"
"349-Isabela Martins;Feminino;Presidente Médici/RO;14/09/1991;01/07/2022;C;04/08/2022;CARTÃO DE DÉBITO;2054"
"350-Samuel Freitas;Masculino;Porto Velho/RO;01/05/1975;19/08/2022;C;25/08/2022;CARTÃO DE CRÉDITO;1492"
"351-Pedro Rocha;Masculino;São Felipe D'Oeste/RO;30/07/1963;22/08/2022;C;06/09/2022;PARCELADO;3180"
"352-Theo Gomes;Masculino;Espigão D'Oeste/RO;12/11/1961;23/07/2022;C;12/08/2022;PARCELADO;2054"
"353-Natália Costa;Feminino;Nova União/RO;03/07/1960;24/07/2022;C;25/09/2022;PIX;2622"
"354-Aline Nogueira;Feminino;Colorado do Oeste/RO;22/08/1959;27/08/2022;C;25/09/2022;CARTÃO DE CRÉDITO;1620"
"355-Theo Moraes;Masculino;Pimenteiras do Oeste/RO;24/11/2000;25/07/2022;C;19/08/2022;BOLETO;3180"
"356-Mariana Cardoso;Feminino;Ji-Paraná/RO;07/09/1975;12/08/2022;A;27/09/2022;PARCELADO;1048"
"357-Fernanda Batista;Feminino;Alvorada D'Oeste/RO;14/05/1991;31/07/2022;B;08/09/2022;PARCELADO;4618"
"358-Joaquim Oliveira;Masculino;Primavera de Rondônia/RO;22/05/1974;10/08/2022;B;30/08/2022;PARCELADO;1620"
"359-Nathan Lopes;Masculino;Parecis/RO;01/05/1982;17/08/2022;C;15/09/2022;CARTÃO DE CRÉDITO;7480"
"360-Luana Nogueira;Feminino;Santa Luzia D'Oeste/RO;24/05/1967;13/07/2022;C;21/07/2022;CARTÃO DE CRÉDITO;5150"
"361-Beatriz Barbosa;Feminino;Machadinho D'Oeste/RO;02/02/1985;26/08/2022;B;29/09/2022;CARTÃO DE DÉBITO;2622"
"362-Cauã Cunha;Masculino;Pimenteiras do Oeste/RO;25/09/1963;22/07/2022;A;04/08/2022;PARCELADO;1182"
"363-Breno Ribeiro;Masculino;Corumbiara/RO;25/07/1996;06/08/2022;A;19/09/2022;PARCELADO;1556"
"364-Marcelo Cardoso;Masculino;Alto Alegre dos Parecis/RO;01/02/2003;02/08/2022;C;23/08/2022;PARCELADO;2622"
"365-Débora Batista;Feminino;Chupinguaia/RO;07/08/1986;07/08/2022;A;22/09/2022;PARCELADO;1048"
"366-Leonardo Ribeiro;Masculino;Castanheiras/RO;25/04/1967;24/08/2022;C;18/09/2022;BOLETO;1182"
"367-Laura Moraes;Feminino;Ariquemes/RO;22/01/1996;09/08/2022;C;13/08/2022;PIX;3180"
"368-Laura Azevedo;Feminino;Vale do Anari/RO;31/07/1966;22/08/2022;C;01/09/2022;BOLETO;8899"
"369-Larissa Monteiro;Feminino;Ariquemes/RO;07/10/1955;19/08/2022;;28/09/2022;CARTÃO DE DÉBITO;1492"
"370-Juliana Campos;Feminino;Cujubim/RO;21/10/1979;30/08/2022;;02/09/2022;CARTÃO DE CRÉDITO;1048"
"371-Vítor Nogueira;Masculino;Seringueiras/RO;03/11/1971;30/08/2022;A;19/09/2022;PARCELADO;6235"
"372-Thales Lima;Masculino;Presidente Médici/RO;22/05/1980;12/08/2022;C;15/08/2022;PARCELADO;6235"
"373-Joaquim Santos;Masculino;Castanheiras/RO;29/08/1989;18/07/2022;C;12/09/2022;CARTÃO DE CRÉDITO;7480"
"374-Cláudia Lima;Feminino;Ouro Preto do Oeste/RO;12/08/1955;20/07/2022;C;03/09/2022;CARTÃO DE DÉBITO;2622"
"375-Isabela Carvalho;Feminino;Costa Marques/RO;16/08/1984;19/07/2022;C;03/09/2022;PARCELADO;1556"
"376-Cristiane Machado;Feminino;Rio Crespo/RO;02/10/1971;09/08/2022;C;09/08/2022;PARCELADO;1556"
"377-Juliana Castro;Feminino;Primavera de Rondônia/RO;05/12/2003;01/08/2022;C;07/09/2022;PARCELADO;1492"
"378-Natália Moraes;Feminino;Cabixi/RO;30/01/2002;31/08/2022;;29/09/2022;PARCELADO;6235"
"379-João Lucas Moraes;Masculino;Vale do Anari/RO;12/05/2001;26/08/2022;;28/08/2022;PARCELADO;1182"
"380-Letícia Ferreira;Feminino;São Miguel do Guaporé/RO;09/08/1968;27/07/2022;A;17/09/2022;CARTÃO DE CRÉDITO;3803"
"381-Dr. Gustavo Mata;Masculino;Ji-Paraná/RO;11/04/1986;19/07/2022;A;28/09/2022;PARCELADO;3180"
"382-Aline Cunha;Feminino;Corumbiara/RO;11/08/1967;21/08/2022;B;05/09/2022;PIX;4618"
"383-Breno Ferreira;Masculino;Cacaulândia/RO;25/11/2000;05/07/2022;A;01/09/2022;PARCELADO;3180"
"384-Helena Teixeira;Feminino;Alta Floresta D'Oeste/RO;21/03/1998;22/07/2022;B;12/09/2022;PIX;6235"
"385-Débora Teixeira;Feminino;Vilhena/RO;15/08/1992;24/08/2022;B;12/09/2022;PARCELADO;2622"
"386-Rodrigo Duarte;Masculino;Chupinguaia/RO;19/04/1995;17/07/2022;C;08/09/2022;CARTÃO DE CRÉDITO;6235"
"387-Márcia Alves;Feminino;Vale do Anari/RO;28/05/1971;26/07/2022;C;22/09/2022;PARCELADO;789"
"388-Bryan Nogueira;Masculino;Nova União/RO;28/05/1962;19/07/2022;A;25/09/2022;CARTÃO DE DÉBITO;1556"
"389-Daniel Ribeiro;Masculino;Itapuã do Oeste/RO;28/04/1994;04/08/2022;C;23/08/2022;PIX;3180"
"390-Nathan Ferreira;Masculino;Costa Marques/RO;09/12/1956;16/07/2022;C;15/08/2022;CARTÃO DE CRÉDITO;8899"
"391-Cristiane Rezende;Feminino;Parecis/RO;27/05/1975;05/08/2022;C;15/09/2022;PIX;3180"
"392-Pedro Mata;Masculino;Cerejeiras/RO;16/09/1972;14/07/2022;B;03/08/2022;PARCELADO;4618"
"393-Bruno Alves;Masculino;Alvorada D'Oeste/RO;05/08/1985;25/08/2022;B;25/08/2022;PIX;2622"
"394-Mariana Batista;Feminino;Vale do Paraíso/RO;26/06/1961;07/07/2022;A;17/07/2022;PARCELADO;1182"
"395-Fernanda Rocha;Feminino;São Felipe D'Oeste/RO;10/12/1980;28/08/2022;C;05/09/2022;PARCELADO;7480"
"396-Diego Gomes;Masculino;Pimenteiras do Oeste/RO;15/07/1958;29/08/2022;C;06/09/2022;PARCELADO;789"
"397-Márcia Ramos;Feminino;Cujubim/RO;23/04/1984;26/08/2022;C;15/09/2022;CARTÃO DE DÉBITO;789"
"398-Larissa Ferreira;Feminino;Castanheiras/RO;20/08/1958;04/08/2022;A;31/08/2022;PARCELADO;3803"
"399-Bruno Cardoso;Masculino;Machadinho D'Oeste/RO;07/01/1975;03/08/2022;C;06/08/2022;BOLETO;789"
"400-Eduardo Barbosa;Masculino;Vilhena/RO;21/07/1969;15/08/2022;C;20/09/2022;PARCELADO;1556"
"401-Bryan Mata;Masculino;Alta Floresta D'Oeste/RO;05/08/1979;01/07/2022;A;17/07/2022;PARCELADO;1556"
"402-Pedro Moraes;Masculino;Teixeirópolis/RO;29/12/1981;12/07/2022;B;06/08/2022;BOLETO;5150"
"403-Daniela Teixeira;Feminino;Itapuã do Oeste/RO;06/04/1989;07/08/2022;A;22/08/2022;PARCELADO;4618"
"404-Arthur Sales;Masculino;Cujubim/RO;10/04/1968;17/07/2022;B;25/09/2022;BOLETO;8899"
"405-Valentina Vieira;Feminino;Ministro Andreazza/RO;12/10/1957;19/07/2022;C;06/09/2022;PARCELADO;4618"
"406-Natália Machado;Feminino;Novo Horizonte do Oeste/RO;05/12/1955;10/08/2022;A;12/09/2022;PIX;6235"
"407-Daniel Pires;Masculino;Pimenta Bueno/RO;26/07/1980;08/08/2022;C;11/08/2022;PARCELADO;8899"
"408-Raul Souza;Masculino;Rolim de Moura/RO;27/03/1988;22/08/2022;A;06/09/2022;CARTÃO DE CRÉDITO;1620"
"409-Lucca Cunha;Masculino;Rio Crespo/RO;08/05/2003;02/07/2022;C;31/08/2022;PARCELADO;8899"
"410-Luana Fonseca;Feminino;Vale do Anari/RO;22/11/1977;29/07/2022;C;30/07/2022;PARCELADO;3180"
"411-Juliana Vieira;Feminino;Campo Novo de Rondônia/RO;04/08/1985;03/07/2022;C;22/07/2022;PARCELADO;5150"
"412-Thales Moreira;Masculino;Seringueiras/RO;01/05/1972;23/08/2022;C;19/09/2022;CARTÃO DE CRÉDITO;789"
"413-João Guilherme Correia;Masculino;Seringueiras/RO;30/09/1983;28/08/2022;C;28/09/2022;PARCELADO;6235"
"414-Arthur Carvalho;Masculino;Candeias do Jamari/RO;09/02/1955;31/08/2022;B;12/09/2022;CARTÃO DE CRÉDITO;4618"
"415-Bruna Rezende;Feminino;Ariquemes/RO;03/02/1967;15/07/2022;C;17/08/2022;BOLETO;5150"
"416-Leonardo Freitas;Masculino;Buritis/RO;23/12/1994;29/07/2022;C;11/09/2022;PARCELADO;3803"
"417-Matheus Pereira;Masculino;Alvorada D'Oeste/RO;27/11/1964;20/08/2022;C;22/08/2022;PARCELADO;1620"
"418-Pietro Nascimento;Masculino;Nova Brasilândia D'Oeste/RO;14/04/1981;23/07/2022;A;07/09/2022;BOLETO;6235"
"419-Helena Oliveira;Feminino;Buritis/RO;18/01/1955;12/08/2022;;17/08/2022;PARCELADO;5150"
"420-Rafael Castro;Masculino;Alto Alegre dos Parecis/RO;24/05/1991;29/08/2022;B;19/09/2022;PIX;1048"
"421-Natália Coelho;Feminino;Castanheiras/RO;07/05/1958;31/07/2022;C;13/08/2022;PARCELADO;5150"
"422-Raquel Fonseca;Feminino;Primavera de Rondônia/RO;01/02/1957;14/08/2022;B;29/08/2022;PARCELADO;6235"
"423-Vítor Cardoso;Masculino;Candeias do Jamari/RO;29/06/1975;01/08/2022;B;17/09/2022;PARCELADO;1556"
"424-Alice Silveira;Feminino;Seringueiras/RO;25/12/1999;08/07/2022;A;23/07/2022;BOLETO;4618"
"425-Juliana Pereira;Feminino;São Francisco do Guaporé/RO;15/12/1973;20/07/2022;C;21/09/2022;PARCELADO;6235"
"426-Bruno Batista;Masculino;Theobroma/RO;31/01/1995;30/07/2022;C;26/09/2022;BOLETO;3803"
"427-Valentina Lopes;Feminino;Monte Negro/RO;06/06/2003;02/07/2022;A;09/08/2022;PARCELADO;2622"
"428-Bryan Ferreira;Masculino;Machadinho D'Oeste/RO;22/01/1965;31/08/2022;C;03/09/2022;PARCELADO;1048"
"429-Isabela Ramos;Feminino;Campo Novo de Rondônia/RO;13/04/1979;12/07/2022;C;16/07/2022;PARCELADO;3180"
"430-Cauã Carvalho;Masculino;Santa Luzia D'Oeste/RO;25/01/1999;18/08/2022;C;22/08/2022;PARCELADO;4618"
"431-Aline Araújo;Feminino;Alto Alegre dos Parecis/RO;10/06/1968;16/07/2022;;11/08/2022;PARCELADO;8899"
"432-Patrícia Freitas;Feminino;Cabixi/RO;28/02/1990;09/08/2022;C;29/09/2022;CARTÃO DE CRÉDITO;789"
"433-Beatriz Souza;Feminino;Cacoal/RO;06/05/1992;08/08/2022;;30/09/2022;PIX;2054"
"434-Fernanda Rezende;Feminino;Urupá/RO;16/05/1965;13/08/2022;C;23/09/2022;PARCELADO;3803"
"435-Isabela Campos;Feminino;Mirante da Serra/RO;14/04/1958;19/08/2022;C;16/09/2022;PARCELADO;3180"
"436-Letícia Mata;Feminino;Nova União/RO;25/07/1987;07/08/2022;C;25/09/2022;PARCELADO;6235"
"437-Sabrina Pires;Feminino;Chupinguaia/RO;22/07/1979;28/07/2022;C;16/08/2022;PARCELADO;1182"
"438-Letícia Rocha;Feminino;Primavera de Rondônia/RO;31/12/1979;17/08/2022;C;22/08/2022;PARCELADO;1556"
"439-Arthur Souza;Masculino;Ouro Preto do Oeste/RO;09/05/1993;06/08/2022;C;10/09/2022;PARCELADO;2054"
"440-Renata Teixeira;Feminino;Seringueiras/RO;08/01/1957;29/07/2022;C;09/09/2022;PIX;789"
"441-Laura Cunha;Feminino;Cacaulândia/RO;08/01/1966;14/07/2022;A;14/07/2022;PARCELADO;2622"
"442-André Azevedo;Masculino;São Miguel do Guaporé/RO;01/10/1965;02/07/2022;C;28/07/2022;CARTÃO DE DÉBITO;2054"
"443-Eduardo Nascimento;Masculino;Machadinho D'Oeste/RO;30/09/1971;04/08/2022;C;14/09/2022;PARCELADO;2054"
"444-Samuel Pires;Masculino;Machadinho D'Oeste/RO;01/03/1976;02/08/2022;C;19/09/2022;PARCELADO;1048"
"445-André Machado;Masculino;Alto Paraíso/RO;10/02/1988;17/08/2022;B;05/09/2022;PARCELADO;8899"
"446-Helena Rezende;Feminino;Governador Jorge Teixeira/RO;10/10/1977;15/08/2022;;03/09/2022;PARCELADO;8899"
"447-Eduardo Ramos;Masculino;Rolim de Moura/RO;15/06/1962;26/07/2022;B;22/09/2022;PARCELADO;2054"
"448-Luana Santos;Feminino;Machadinho D'Oeste/RO;05/02/1961;22/07/2022;A;23/09/2022;PARCELADO;7480"
"449-Márcia Silveira;Feminino;Guajará-Mirim/RO;01/12/1969;26/07/2022;C;06/09/2022;PARCELADO;1556"
"450-Vanessa Ramos;Feminino;Nova União/RO;07/12/1975;27/07/2022;C;29/07/2022;CARTÃO DE CRÉDITO;4618"
"451-Cristiane Mendes;Feminino;Seringueiras/RO;18/02/1956;21/08/2022;A;29/09/2022;PARCELADO;2622"
"452-Camila Oliveira;Feminino;Ji-Paraná/RO;09/07/1959;07/07/2022;C;12/09/2022;PARCELADO;8899"
"453-Sabrina Rocha;Feminino;Machadinho D'Oeste/RO;11/10/1959;03/07/2022;C;24/09/2022;PARCELADO;5150"
"454-Lucas Coelho;Masculino;Buritis/RO;04/04/2003;13/08/2022;;21/08/2022;BOLETO;1556"
"455-Joaquim Silveira;Masculino;Alvorada D'Oeste/RO;14/07/1983;15/07/2022;C;11/08/2022;PARCELADO;1182"
"456-Caio Gomes;Masculino;São Francisco do Guaporé/RO;25/05/1989;04/07/2022;C;17/08/2022;PIX;1620"
"457-Sophia Nascimento;Feminino;Pimenta Bueno/RO;16/08/1955;26/07/2022;C;23/09/2022;PARCELADO;1620"
"458-Diego Azevedo;Masculino;Porto Velho/RO;13/06/1961;05/07/2022;;06/07/2022;PARCELADO;1048"
"459-Vinícius Fonseca;Masculino;Alta Floresta D'Oeste/RO;29/12/1982;30/08/2022;C;18/09/2022;CARTÃO DE CRÉDITO;1182"
"460-André Rocha;Masculino;Nova Brasilândia D'Oeste/RO;07/03/1960;03/08/2022;C;13/08/2022;PARCELADO;8899"
"461-Bryan Carvalho;Masculino;Castanheiras/RO;24/06/1965;05/07/2022;C;28/07/2022;PARCELADO;5150"
"462-João Guilherme Correia;Masculino;Cujubim/RO;11/03/1968;04/07/2022;C;26/07/2022;PARCELADO;1556"
"463-Amanda Cunha;Feminino;Ji-Paraná/RO;02/03/1960;16/08/2022;C;07/09/2022;CARTÃO DE DÉBITO;1048"
"464-Felipe Moreira;Masculino;Primavera de Rondônia/RO;26/07/1970;23/07/2022;B;23/09/2022;BOLETO;8899"
"465-Isabela Fonseca;Feminino;Seringueiras/RO;25/07/1981;12/08/2022;C;13/08/2022;PARCELADO;3803"
"466-João Felipe Duarte;Masculino;Candeias do Jamari/RO;19/09/1972;06/07/2022;A;25/08/2022;PARCELADO;3180"
"467-Fernanda Costa;Feminino;Colorado do Oeste/RO;16/06/1960;03/08/2022;C;22/09/2022;BOLETO;789"
"468-Pedro Azevedo;Masculino;Cacoal/RO;25/09/1978;02/07/2022;;23/09/2022;PARCELADO;6235"
"469-Danilo Vieira;Masculino;Candeias do Jamari/RO;20/12/1993;20/08/2022;C;27/08/2022;BOLETO;1048"
"470-João Guilherme Moraes;Masculino;Nova Brasilândia D'Oeste/RO;14/10/1992;29/07/2022;;10/08/2022;CARTÃO DE DÉBITO;3803"
"471-Daniela Lima;Feminino;Castanheiras/RO;07/12/1994;08/08/2022;;24/09/2022;CARTÃO DE CRÉDITO;6235"
"472-Pietro Coelho;Masculino;Cerejeiras/RO;30/07/1969;14/08/2022;C;14/08/2022;PARCELADO;1620"
"473-Cristiane Monteiro;Feminino;Mirante da Serra/RO;21/11/1980;28/08/2022;;17/09/2022;PARCELADO;1492"
"474-Samuel Moreira;Masculino;Primavera de Rondônia/RO;26/06/1987;09/07/2022;C;02/08/2022;CARTÃO DE DÉBITO;2054"
"475-Rodrigo Castro;Masculino;Guajará-Mirim/RO;24/12/1985;19/08/2022;;08/09/2022;CARTÃO DE CRÉDITO;1048"
"476-Camila Batista;Feminino;São Miguel do Guaporé/RO;07/12/1998;23/07/2022;C;24/07/2022;PARCELADO;1556"
"477-Bruna Azevedo;Feminino;Cacoal/RO;17/04/1965;10/08/2022;;02/09/2022;CARTÃO DE CRÉDITO;1620"
"478-Sophia Pereira;Feminino;Espigão D'Oeste/RO;10/05/1967;06/08/2022;C;07/08/2022;PARCELADO;2054"
"479-Larissa Rocha;Feminino;Novo Horizonte do Oeste/RO;19/04/1958;24/07/2022;A;06/08/2022;PARCELADO;7480"
"480-Amanda Rezende;Feminino;Campo Novo de Rondônia/RO;19/06/1987;01/08/2022;C;27/08/2022;PIX;3180"
"481-Natália Machado;Feminino;São Felipe D'Oeste/RO;01/07/1977;06/08/2022;;05/09/2022;CARTÃO DE CRÉDITO;1556"
"482-Letícia Correia;Feminino;Nova Brasilândia D'Oeste/RO;21/06/1989;16/08/2022;C;21/08/2022;PARCELADO;3803"
"483-Miguel Rocha;Masculino;Parecis/RO;06/02/1968;09/08/2022;C;24/08/2022;PARCELADO;1556"
"484-Pietro Vieira;Masculino;Seringueiras/RO;14/09/1964;02/07/2022;;24/08/2022;PARCELADO;7480"
"485-André Correia;Masculino;Ji-Paraná/RO;29/03/1956;10/08/2022;C;21/08/2022;PARCELADO;5150"
"486-Miguel Batista;Masculino;Guajará-Mirim/RO;11/09/1967;13/07/2022;C;22/07/2022;PARCELADO;2054"
"487-Luana Correia;Feminino;Rolim de Moura/RO;26/03/1960;20/07/2022;A;25/08/2022;PARCELADO;1048"
"488-Matheus Gomes;Masculino;Novo Horizonte do Oeste/RO;10/02/1990;22/07/2022;B;01/08/2022;PARCELADO;4618"
"489-Maria Araújo;Feminino;Cerejeiras/RO;29/05/1970;15/08/2022;A;27/09/2022;BOLETO;1182"
"490-João Lucas Moreira;Masculino;Ouro Preto do Oeste/RO;15/01/1957;22/08/2022;C;17/09/2022;PARCELADO;3180"
"491-Rodrigo Barbosa;Masculino;Alvorada D'Oeste/RO;02/06/1987;21/08/2022;B;30/09/2022;PARCELADO;1182"
"492-Breno Lima;Masculino;Alta Floresta D'Oeste/RO;01/10/1956;02/07/2022;A;31/08/2022;PARCELADO;5150"
"493-Sabrina Pereira;Feminino;Pimenteiras do Oeste/RO;24/10/1991;07/08/2022;C;15/08/2022;CARTÃO DE CRÉDITO;1492"
"494-Matheus Silveira;Masculino;Seringueiras/RO;10/07/1980;05/08/2022;C;14/09/2022;PARCELADO;7480"
"495-Camila Coelho;Feminino;Alto Paraíso/RO;13/11/1959;11/08/2022;C;22/08/2022;CARTÃO DE DÉBITO;2054"
"496-Leonardo Cardoso;Masculino;Castanheiras/RO;02/03/1994;05/08/2022;C;17/08/2022;PIX;789"
"497-Marcelo Lopes;Masculino;Alvorada D'Oeste/RO;03/11/1998;13/08/2022;C;16/08/2022;PARCELADO;1620"
"498-João Guilherme Moraes;Masculino;Governador Jorge Teixeira/RO;15/06/1977;27/08/2022;B;11/09/2022;PIX;4618"
"499-Dr. Bruno Correia;Masculino;Pimenteiras do Oeste/RO;19/04/1990;20/08/2022;C;05/09/2022;PARCELADO;6235"
"500-Manuela Freitas;Feminino;Cabixi/RO;28/04/1995;29/07/2022;C;18/09/2022;PIX;789"
"501-Natália Lopes;Feminino;Vilhena/RO;19/07/1990;27/07/2022;B;21/09/2022;PIX;1620"
"502-Bianca Sales;Feminino;Corumbiara/RO;17/06/1974;11/07/2022;B;30/09/2022;PARCELADO;6235"
"503-Caio Souza;Masculino;Governador Jorge Teixeira/RO;15/07/1979;03/08/2022;B;05/08/2022;PIX;1492"
"504-Nathan Azevedo;Masculino;Nova União/RO;16/01/1983;22/08/2022;A;20/09/2022;CARTÃO DE CRÉDITO;2054"
"505-Patrícia Pereira;Feminino;Buritis/RO;27/12/1956;16/07/2022;C;22/07/2022;PIX;6235"
"506-Carolina Duarte;Feminino;Pimenta Bueno/RO;13/01/1973;18/08/2022;A;01/09/2022;BOLETO;1556"
"507-Patrícia Rezende;Feminino;Chupinguaia/RO;06/10/1963;08/08/2022;A;25/08/2022;PIX;3803"
"508-Raquel Coelho;Feminino;Mirante da Serra/RO;02/02/1985;10/07/2022;C;03/09/2022;PARCELADO;1182"
"509-Nathan Araújo;Masculino;Costa Marques/RO;10/03/2003;17/07/2022;C;23/08/2022;PARCELADO;2054"
"510-Aline Rezende;Feminino;Nova União/RO;03/02/1956;10/07/2022;B;12/08/2022;PARCELADO;3180"
"511-Renata Teixeira;Feminino;Ariquemes/RO;29/12/1958;23/07/2022;A;06/08/2022;PARCELADO;2054"
"512-Pietro Pereira;Masculino;Espigão D'Oeste/RO;19/08/1997;31/07/2022;C;23/08/2022;PARCELADO;1620"
"513-Sophia Carvalho;Feminino;Parecis/RO;11/01/1992;29/07/2022;C;31/08/2022;PARCELADO;789"
"514-Ana Correia;Feminino;Ministro Andreazza/RO;18/08/1975;11/08/2022;C;10/09/2022;PIX;3180"
"515-Nathan Sales;Masculino;Campo Novo de Rondônia/RO;24/03/1955;29/07/2022;C;08/08/2022;PARCELADO;1556"
"516-Rodrigo Machado;Masculino;Nova Mamoré/RO;19/05/1998;14/08/2022;C;06/09/2022;PARCELADO;3180"
"517-Diego Correia;Masculino;São Miguel do Guaporé/RO;27/12/2001;13/08/2022;B;25/08/2022;PARCELADO;2622"
"518-Helena Teixeira;Feminino;Nova União/RO;11/02/1968;20/07/2022;;01/09/2022;CARTÃO DE DÉBITO;1620"
"519-Eduardo Ribeiro;Masculino;Rolim de Moura/RO;22/02/1963;09/07/2022;B;16/08/2022;PARCELADO;1492"
"520-Pietro Oliveira;Masculino;Ji-Paraná/RO;15/10/1987;02/07/2022;C;26/07/2022;PARCELADO;3180"
"521-Maria Souza;Feminino;Cabixi/RO;15/04/1996;03/07/2022;C;05/08/2022;CARTÃO DE CRÉDITO;8899"
"522-Bryan Lima;Masculino;Campo Novo de Rondônia/RO;06/12/1999;13/07/2022;B;31/08/2022;PARCELADO;1620"
"523-Leonardo Gomes;Masculino;Espigão D'Oeste/RO;09/03/1987;09/08/2022;;06/09/2022;PARCELADO;1556"
"524-Larissa Carvalho;Feminino;Rio Crespo/RO;23/09/1975;22/07/2022;C;10/08/2022;PARCELADO;1556"
"525-Juliana Moreira;Feminino;Guajará-Mirim/RO;10/04/1980;29/08/2022;C;10/09/2022;CARTÃO DE CRÉDITO;5150"
"526-Samuel Araújo;Masculino;Castanheiras/RO;22/02/1989;17/08/2022;C;21/08/2022;PARCELADO;1182"
"527-Bianca Cunha;Feminino;Theobroma/RO;03/07/1996;22/07/2022;C;27/07/2022;CARTÃO DE CRÉDITO;5150"
"528-Raquel Sales;Feminino;Costa Marques/RO;25/10/1996;23/08/2022;B;28/08/2022;PARCELADO;2622"
"529-Felipe Vieira;Masculino;Mirante da Serra/RO;17/11/1990;20/08/2022;C;05/09/2022;CARTÃO DE DÉBITO;6235"
"530-Sabrina Fonseca;Feminino;Presidente Médici/RO;16/02/2003;13/07/2022;B;05/09/2022;PIX;4618"
"531-Samuel Cardoso;Masculino;Buritis/RO;01/08/2003;01/08/2022;C;28/09/2022;PIX;4618"
"532-Aline Rocha;Feminino;Guajará-Mirim/RO;09/08/1996;05/08/2022;;11/08/2022;CARTÃO DE DÉBITO;1556"
"533-Amanda Castro;Feminino;Rio Crespo/RO;21/11/1997;19/07/2022;C;24/08/2022;PARCELADO;7480"
"534-Rafael Rezende;Masculino;Nova Mamoré/RO;14/09/1985;26/07/2022;;11/08/2022;PARCELADO;8899"
"535-João Lucas Rocha;Masculino;Novo Horizonte do Oeste/RO;30/07/1982;17/08/2022;C;17/08/2022;PARCELADO;1048"
"536-Pietro Lopes;Masculino;Chupinguaia/RO;30/01/1958;15/08/2022;C;21/08/2022;PIX;3803"
"537-Luana Fonseca;Feminino;Cacaulândia/RO;20/08/1984;11/07/2022;C;22/09/2022;PARCELADO;789"
"538-Renata Rocha;Feminino;Pimenta Bueno/RO;22/01/1968;11/07/2022;A;31/07/2022;PARCELADO;6235"
"539-Mariana Alves;Feminino;Alto Paraíso/RO;23/06/1981;08/08/2022;C;17/08/2022;PARCELADO;5150"
"540-Diego Coelho;Masculino;Cerejeiras/RO;29/12/1991;20/07/2022;B;10/09/2022;PARCELADO;1620"
"541-Nathan Costa;Masculino;Governador Jorge Teixeira/RO;11/07/1985;24/07/2022;;29/08/2022;CARTÃO DE DÉBITO;3803"
"542-Miguel Cunha;Masculino;Urupá/RO;21/08/1959;14/07/2022;C;24/08/2022;PARCELADO;789"
"543-Fernanda Lima;Feminino;Cacaulândia/RO;03/08/1974;09/08/2022;C;22/08/2022;PARCELADO;789"
"544-Luana Nogueira;Feminino;Campo Novo de Rondônia/RO;05/08/1977;06/08/2022;B;10/08/2022;PIX;7480"
"545-João Felipe Ferreira;Masculino;Chupinguaia/RO;04/02/1995;14/08/2022;B;26/08/2022;PIX;3803"
"546-Bruno Ribeiro;Masculino;Pimenteiras do Oeste/RO;25/09/1996;09/08/2022;C;10/09/2022;PARCELADO;1492"
"547-Aline Ribeiro;Feminino;Governador Jorge Teixeira/RO;04/03/2002;21/07/2022;C;02/09/2022;PARCELADO;1182"
"548-João Felipe Martins;Masculino;Cacaulândia/RO;06/08/1986;20/07/2022;C;22/09/2022;BOLETO;6235"
"549-Helena Pires;Feminino;Alto Paraíso/RO;11/02/1964;13/08/2022;C;23/08/2022;CARTÃO DE CRÉDITO;1492"
"550-Laura Freitas;Feminino;Governador Jorge Teixeira/RO;30/07/1980;28/07/2022;C;21/09/2022;PIX;789"
"551-Renata Cardoso;Feminino;Porto Velho/RO;27/07/1976;01/08/2022;C;15/08/2022;BOLETO;1620"
"552-Sophia Costa;Feminino;Santa Luzia D'Oeste/RO;25/09/1957;28/07/2022;C;15/09/2022;CARTÃO DE CRÉDITO;1492"
"553-Isabela Monteiro;Feminino;Colorado do Oeste/RO;08/03/1961;29/07/2022;C;18/09/2022;PARCELADO;3803"
"554-Carolina Nascimento;Feminino;Buritis/RO;18/10/1959;16/07/2022;;30/09/2022;PIX;6235"
"555-Cláudia Fonseca;Feminino;Itapuã do Oeste/RO;18/04/1956;06/07/2022;B;19/07/2022;PARCELADO;3803"
"556-Thales Carvalho;Masculino;Mirante da Serra/RO;18/06/1984;28/08/2022;A;30/08/2022;CARTÃO DE CRÉDITO;789"
"557-Joaquim Cunha;Masculino;Vilhena/RO;11/12/1987;19/07/2022;C;17/08/2022;PARCELADO;1556"
"558-Carolina Costa;Feminino;Costa Marques/RO;11/02/1994;22/08/2022;A;09/09/2022;PIX;1620"
"559-Samuel Sales;Masculino;Ariquemes/RO;12/06/1971;06/07/2022;A;12/09/2022;PARCELADO;8899"
"560-Vítor Barbosa;Masculino;Alto Paraíso/RO;22/08/1968;08/07/2022;C;16/07/2022;CARTÃO DE CRÉDITO;1620"
"561-Mariana Monteiro;Feminino;Teixeirópolis/RO;30/01/1977;13/07/2022;C;03/08/2022;CARTÃO DE DÉBITO;1556"
"562-Márcia Costa;Feminino;Campo Novo de Rondônia/RO;20/11/1990;17/07/2022;;14/08/2022;BOLETO;4618"
"563-Bianca Ribeiro;Feminino;Mirante da Serra/RO;30/04/1956;02/08/2022;C;02/09/2022;PARCELADO;789"
"564-Márcia Moreira;Feminino;Theobroma/RO;19/03/1955;17/07/2022;B;18/09/2022;PIX;5150"
"565-Amanda Gomes;Feminino;Chupinguaia/RO;31/03/1961;17/08/2022;C;27/09/2022;CARTÃO DE CRÉDITO;1492"
"566-Fernanda Ribeiro;Feminino;Governador Jorge Teixeira/RO;28/12/1978;17/08/2022;A;01/09/2022;PARCELADO;4618"
"567-Caio Pereira;Masculino;Santa Luzia D'Oeste/RO;17/02/1973;30/08/2022;C;12/09/2022;PARCELADO;2622"
"568-Felipe Nogueira;Masculino;Theobroma/RO;24/09/1986;18/08/2022;C;13/09/2022;PIX;789"
"569-Caio Nascimento;Masculino;Parecis/RO;12/11/1989;17/08/2022;;27/08/2022;PARCELADO;3803"
"570-Raquel Cunha;Feminino;Novo Horizonte do Oeste/RO;14/11/1990;22/07/2022;C;01/08/2022;PIX;3180"
"571-Nathan Carvalho;Masculino;Campo Novo de Rondônia/RO;28/04/1977;16/08/2022;C;25/08/2022;PIX;1048"
"572-Vinícius Campos;Masculino;Cacaulândia/RO;26/05/1962;13/08/2022;B;20/09/2022;BOLETO;1048"
"573-Manuela Ribeiro;Feminino;Nova União/RO;18/07/1968;04/07/2022;;13/07/2022;PIX;1556"
"574-Daniel Batista;Masculino;Santa Luzia D'Oeste/RO;05/08/1982;20/07/2022;C;21/07/2022;PARCELADO;4618"
"575-Joaquim Pereira;Masculino;São Francisco do Guaporé/RO;06/09/1985;05/07/2022;C;21/08/2022;PIX;4618"
"576-Isabela Pires;Feminino;Cerejeiras/RO;27/11/1963;19/08/2022;B;14/09/2022;PARCELADO;1556"
"577-Sophia Fonseca;Feminino;Ji-Paraná/RO;22/03/1998;24/08/2022;C;06/09/2022;PIX;4618"
"578-Isabela Rocha;Feminino;Cujubim/RO;18/04/1997;14/08/2022;C;31/08/2022;PARCELADO;789"
"579-Arthur Costa;Masculino;Corumbiara/RO;27/10/1987;15/07/2022;C;15/07/2022;BOLETO;6235"
"580-Rodrigo Ferreira;Masculino;Buritis/RO;14/04/1991;12/08/2022;C;23/08/2022;PARCELADO;6235"
"581-Alice Nogueira;Feminino;Cacaulândia/RO;08/02/1994;30/08/2022;C;12/09/2022;PARCELADO;1620"
"582-João Felipe Mendes;Masculino;Presidente Médici/RO;07/01/1970;15/07/2022;C;21/08/2022;PARCELADO;1182"
"583-Diego Alves;Masculino;Itapuã do Oeste/RO;09/07/1985;18/08/2022;C;16/09/2022;PARCELADO;1048"
"584-João Lucas Cardoso;Masculino;Cerejeiras/RO;25/02/1988;28/07/2022;A;03/09/2022;CARTÃO DE DÉBITO;789"
"585-Caio Cardoso;Masculino;Alta Floresta D'Oeste/RO;31/05/1965;17/08/2022;C;23/08/2022;PARCELADO;3180"
"586-Thales Carvalho;Masculino;Porto Velho/RO;30/05/1970;24/08/2022;C;30/09/2022;CARTÃO DE CRÉDITO;3180"
"587-Raul Vieira;Masculino;São Miguel do Guaporé/RO;01/03/1957;06/07/2022;;23/07/2022;PARCELADO;3803"
"588-Vanessa Ramos;Feminino;Costa Marques/RO;12/04/1988;07/07/2022;C;10/07/2022;CARTÃO DE DÉBITO;2054"
"589-Vinícius Pires;Masculino;Itapuã do Oeste/RO;02/07/1962;10/07/2022;C;19/08/2022;CARTÃO DE CRÉDITO;1492"
"590-Eduardo Pereira;Masculino;Corumbiara/RO;12/12/1999;23/08/2022;C;05/09/2022;CARTÃO DE DÉBITO;7480"
"591-Camila Castro;Feminino;Rolim de Moura/RO;02/05/1983;13/07/2022;C;30/09/2022;PARCELADO;8899"
"592-Bryan Rezende;Masculino;Cujubim/RO;27/03/1964;23/08/2022;A;17/09/2022;CARTÃO DE CRÉDITO;3180"
"593-Natália Monteiro;Feminino;Alta Floresta D'Oeste/RO;26/04/1980;11/08/2022;C;17/08/2022;BOLETO;6235"
"594-Eduardo Rezende;Masculino;Governador Jorge Teixeira/RO;10/06/1972;21/08/2022;A;09/09/2022;PARCELADO;8899"
"595-Dr. Raul Sales;Masculino;São Miguel do Guaporé/RO;22/04/1966;05/07/2022;C;24/08/2022;BOLETO;1556"
"596-Sophia Carvalho;Feminino;Vilhena/RO;20/01/1972;25/07/2022;B;15/08/2022;PARCELADO;4618"
"597-Fernanda Azevedo;Feminino;Primavera de Rondônia/RO;08/05/1977;23/07/2022;A;01/09/2022;BOLETO;6235"
"598-Theo Mata;Masculino;Governador Jorge Teixeira/RO;13/03/1986;28/08/2022;C;03/09/2022;PARCELADO;1492"
"599-Pedro Monteiro;Masculino;Espigão D'Oeste/RO;26/07/1973;17/07/2022;A;05/09/2022;PARCELADO;1182"
"600-Breno Azevedo;Masculino;Presidente Médici/RO;09/03/1958;07/08/2022;C;22/08/2022;PIX;2054"
"601-Henrique Gomes;Masculino;Nova Mamoré/RO;21/08/1982;23/07/2022;C;29/08/2022;PARCELADO;6235"
"602-Pietro Correia;Masculino;Santa Luzia D'Oeste/RO;18/02/1973;14/07/2022;A;09/09/2022;BOLETO;1556"
"603-Beatriz Coelho;Feminino;Cacoal/RO;05/03/1971;29/07/2022;;08/09/2022;CARTÃO DE DÉBITO;1182"
"604-Daniela Barbosa;Feminino;Ouro Preto do Oeste/RO;09/08/1995;20/07/2022;C;25/07/2022;CARTÃO DE CRÉDITO;1048"
"605-Manuela Azevedo;Feminino;São Miguel do Guaporé/RO;26/12/1963;26/07/2022;B;13/08/2022;PARCELADO;2622"
"606-Aline Freitas;Feminino;Vale do Paraíso/RO;08/04/1973;10/08/2022;A;10/08/2022;PARCELADO;1620"
"607-Caio Monteiro;Masculino;São Miguel do Guaporé/RO;16/06/1985;20/07/2022;B;26/07/2022;PARCELADO;4618"
"608-Ana Moreira;Feminino;São Miguel do Guaporé/RO;14/12/1969;19/07/2022;C;22/09/2022;PARCELADO;2622"
"609-Ana Mata;Feminino;Ouro Preto do Oeste/RO;29/09/1963;06/07/2022;C;31/08/2022;PARCELADO;789"
"610-Rafael Souza;Masculino;Corumbiara/RO;13/03/1969;12/08/2022;C;10/09/2022;PARCELADO;1048"
"611-Caio Mendes;Masculino;Primavera de Rondônia/RO;21/04/1982;02/07/2022;B;15/09/2022;CARTÃO DE CRÉDITO;1048"
"612-Laura Cunha;Feminino;Cacaulândia/RO;01/08/1955;11/07/2022;;14/07/2022;PARCELADO;6235"
"613-Pedro Batista;Masculino;São Miguel do Guaporé/RO;03/07/1961;16/07/2022;C;19/07/2022;PIX;1048"
"614-Rafael Silveira;Masculino;Pimenteiras do Oeste/RO;21/03/1975;15/08/2022;A;29/09/2022;BOLETO;3180"
"615-Patrícia Moraes;Feminino;Primavera de Rondônia/RO;17/12/1999;24/07/2022;C;13/08/2022;PIX;3180"
"616-Daniel Castro;Masculino;Primavera de Rondônia/RO;22/04/1970;03/07/2022;C;29/08/2022;CARTÃO DE DÉBITO;6235"
"617-Fernanda Cardoso;Feminino;Parecis/RO;05/05/1958;10/08/2022;B;31/08/2022;PARCELADO;789"
"618-Joaquim Freitas;Masculino;Ariquemes/RO;28/01/1993;13/07/2022;B;16/07/2022;PARCELADO;2622"
"619-Bryan Santos;Masculino;Vale do Anari/RO;17/03/1978;08/07/2022;C;10/08/2022;PARCELADO;6235"
"620-Isabela Cunha;Feminino;Cujubim/RO;25/01/1972;30/07/2022;C;06/08/2022;PARCELADO;1048"
"621-Arthur Duarte;Masculino;Alta Floresta D'Oeste/RO;13/03/1964;26/08/2022;C;22/09/2022;PARCELADO;6235"
"622-Mariana Mendes;Feminino;Governador Jorge Teixeira/RO;02/11/1966;08/08/2022;A;16/09/2022;PARCELADO;5150"
"623-Daniel Pereira;Masculino;Jaru/RO;07/03/1991;15/08/2022;B;27/09/2022;PARCELADO;1620"
"624-André Azevedo;Masculino;Urupá/RO;05/08/1989;25/08/2022;A;08/09/2022;PIX;5150"
"625-Raquel Barbosa;Feminino;Pimenta Bueno/RO;15/09/1980;02/07/2022;C;16/07/2022;CARTÃO DE CRÉDITO;3180"
"626-Lucas Monteiro;Masculino;Parecis/RO;31/05/1965;24/08/2022;;24/08/2022;PARCELADO;4618"
"627-Débora Machado;Feminino;São Francisco do Guaporé/RO;17/09/1995;11/07/2022;;05/09/2022;CARTÃO DE CRÉDITO;7480"
"628-Raquel Teixeira;Feminino;Cujubim/RO;05/08/1979;21/07/2022;C;11/09/2022;PARCELADO;6235"
"629-Débora Teixeira;Feminino;São Miguel do Guaporé/RO;02/10/1955;16/07/2022;;25/09/2022;PIX;2622"
"630-Nicolas Teixeira;Masculino;Theobroma/RO;09/06/1972;08/08/2022;C;19/09/2022;BOLETO;1048"
"631-Natália Costa;Feminino;Novo Horizonte do Oeste/RO;20/10/1955;22/08/2022;C;29/08/2022;PIX;6235"
"632-Fernanda Ferreira;Feminino;São Francisco do Guaporé/RO;09/04/1981;29/07/2022;B;16/09/2022;PIX;1048"
"633-Débora Castro;Feminino;Rolim de Moura/RO;05/10/2000;25/08/2022;C;25/09/2022;CARTÃO DE CRÉDITO;4618"
"634-Samuel Mata;Masculino;Cerejeiras/RO;29/03/1982;10/08/2022;A;30/08/2022;PIX;7480"
"635-Vinícius Vieira;Masculino;Cujubim/RO;13/06/1970;30/08/2022;C;01/09/2022;BOLETO;2622"
"636-Beatriz Moraes;Feminino;Porto Velho/RO;05/07/1997;27/08/2022;C;03/09/2022;PARCELADO;6235"
"637-Márcia Martins;Feminino;Cacaulândia/RO;26/11/1977;25/08/2022;A;19/09/2022;PARCELADO;2622"
"638-Aline Moreira;Feminino;Teixeirópolis/RO;09/10/1963;05/07/2022;;05/09/2022;BOLETO;4618"
"639-Larissa Pires;Feminino;Alvorada D'Oeste/RO;25/01/1970;09/07/2022;C;15/08/2022;PARCELADO;1048"
"640-Bryan Correia;Masculino;Mirante da Serra/RO;27/02/1987;02/07/2022;C;20/09/2022;PARCELADO;1182"
"641-Gustavo Correia;Masculino;Cujubim/RO;15/05/1997;21/08/2022;B;22/09/2022;PARCELADO;1182"
"642-Joaquim Teixeira;Masculino;Parecis/RO;27/02/1980;06/08/2022;C;17/08/2022;PARCELADO;3180"
"643-Priscila Coelho;Feminino;Ariquemes/RO;25/08/1962;26/07/2022;C;02/08/2022;PARCELADO;1492"
"644-Leonardo Campos;Masculino;Presidente Médici/RO;04/04/1955;24/08/2022;C;21/09/2022;PIX;3803"
"645-Maria Silveira;Feminino;Nova Brasilândia D'Oeste/RO;15/01/1986;08/08/2022;B;19/08/2022;PIX;3803"
"646-Gabriela Azevedo;Feminino;Parecis/RO;17/10/1991;15/08/2022;C;15/08/2022;PARCELADO;789"
"647-Vítor Barbosa;Masculino;Rio Crespo/RO;21/04/1955;08/07/2022;;01/08/2022;PARCELADO;3803"
"648-Guilherme Cunha;Masculino;Machadinho D'Oeste/RO;22/03/1973;20/08/2022;B;16/09/2022;PARCELADO;5150"
"649-Manuela Campos;Feminino;Nova Mamoré/RO;06/12/2000;12/08/2022;C;22/08/2022;PARCELADO;1182"
"650-Guilherme Nascimento;Masculino;Presidente Médici/RO;21/07/1999;01/07/2022;C;22/07/2022;BOLETO;8899"
"651-Bruno Lima;Masculino;Rolim de Moura/RO;15/10/1990;26/08/2022;C;03/09/2022;BOLETO;3803"
"652-Gabriela Mata;Feminino;Nova União/RO;25/06/1990;21/08/2022;C;08/09/2022;PIX;2622"
"653-Raul Alves;Masculino;Seringueiras/RO;28/05/1965;30/07/2022;C;05/08/2022;PARCELADO;6235"
"654-Pietro Cardoso;Masculino;Teixeirópolis/RO;16/05/2000;21/08/2022;C;29/09/2022;CARTÃO DE DÉBITO;789"
"655-Nathan Araújo;Masculino;Cujubim/RO;29/08/1973;14/07/2022;C;27/07/2022;PARCELADO;789"
"656-Pietro Campos;Masculino;Pimenteiras do Oeste/RO;14/11/1997;10/08/2022;C;19/09/2022;PARCELADO;1492"
"657-Manuela Coelho;Feminino;Nova Mamoré/RO;05/09/1983;20/07/2022;A;09/08/2022;BOLETO;789"
"658-Caio Ferreira;Masculino;Alto Paraíso/RO;21/04/1958;30/08/2022;C;29/09/2022;BOLETO;2054"
"659-Theo Coelho;Masculino;Urupá/RO;26/10/1960;16/07/2022;C;22/09/2022;PARCELADO;2622"
"660-Thales Moraes;Masculino;Novo Horizonte do Oeste/RO;30/06/1987;09/08/2022;C;26/08/2022;PARCELADO;8899"
"661-Manuela Ferreira;Feminino;Alta Floresta D'Oeste/RO;21/06/1995;16/07/2022;C;20/07/2022;CARTÃO DE DÉBITO;1182"
"662-Rafael Rocha;Masculino;Nova Mamoré/RO;21/01/1993;29/07/2022;C;24/08/2022;PIX;789"
"663-Rodrigo Alves;Masculino;Primavera de Rondônia/RO;25/11/1974;08/08/2022;C;04/09/2022;BOLETO;6235"
"664-Guilherme Santos;Masculino;Rolim de Moura/RO;16/11/1958;09/08/2022;B;18/09/2022;PARCELADO;3803"
"665-Rodrigo Pereira;Masculino;Colorado do Oeste/RO;10/07/1992;28/08/2022;C;30/08/2022;BOLETO;2054"
"666-Lucca Castro;Masculino;Seringueiras/RO;04/04/1997;27/08/2022;B;15/09/2022;PARCELADO;6235"
"667-Priscila Duarte;Feminino;Mirante da Serra/RO;06/11/1983;12/07/2022;B;09/08/2022;PIX;1048"
"668-Carolina Pires;Feminino;Cujubim/RO;20/09/1993;04/07/2022;C;13/08/2022;PIX;8899"
"669-Sophia Rocha;Feminino;São Francisco do Guaporé/RO;04/06/1982;26/08/2022;C;05/09/2022;PIX;5150"
"670-Carolina Santos;Feminino;Alvorada D'Oeste/RO;26/09/1988;04/07/2022;C;22/07/2022;BOLETO;2054"
"671-Letícia Pires;Feminino;Santa Luzia D'Oeste/RO;27/08/1991;09/07/2022;B;27/08/2022;CARTÃO DE CRÉDITO;3803"
"672-Lucas Costa;Masculino;Chupinguaia/RO;21/07/1988;15/08/2022;A;20/09/2022;PARCELADO;3180"
"673-Arthur Barbosa;Masculino;Espigão D'Oeste/RO;29/11/2001;09/07/2022;;06/08/2022;PARCELADO;1556"
"674-João Guilherme Correia;Masculino;Nova União/RO;27/02/1972;05/08/2022;B;16/09/2022;PIX;789"
"675-Felipe Moreira;Masculino;Seringueiras/RO;09/10/1984;06/07/2022;C;09/09/2022;PIX;6235"
"676-Daniela Barbosa;Feminino;Cacaulândia/RO;09/07/1976;22/08/2022;A;19/09/2022;PARCELADO;2622"
"677-Fernanda Ramos;Feminino;São Felipe D'Oeste/RO;06/03/1996;29/07/2022;A;08/08/2022;BOLETO;3180"
"678-Larissa Freitas;Feminino;Cujubim/RO;23/01/1964;26/08/2022;;18/09/2022;PIX;6235"
"679-Rafael Rezende;Masculino;Guajará-Mirim/RO;29/04/1967;24/08/2022;C;02/09/2022;CARTÃO DE DÉBITO;7480"
"680-Aline Ribeiro;Feminino;Presidente Médici/RO;31/03/1975;20/07/2022;B;10/08/2022;CARTÃO DE CRÉDITO;8899"
"681-Pedro Carvalho;Masculino;Parecis/RO;22/05/1963;07/08/2022;C;21/08/2022;CARTÃO DE CRÉDITO;6235"
"682-Daniel Carvalho;Masculino;Porto Velho/RO;22/08/1967;26/08/2022;C;05/09/2022;PARCELADO;3803"
"683-Letícia Lima;Feminino;Parecis/RO;24/02/1966;02/08/2022;B;23/08/2022;PIX;1182"
"684-Pedro Pires;Masculino;São Francisco do Guaporé/RO;19/12/1991;05/08/2022;C;17/08/2022;CARTÃO DE CRÉDITO;1492"
"685-Patrícia Azevedo;Feminino;Vale do Anari/RO;15/08/2001;04/08/2022;A;29/09/2022;CARTÃO DE CRÉDITO;8899"
"686-Isabela Carvalho;Feminino;Colorado do Oeste/RO;03/06/1975;24/07/2022;C;15/08/2022;PARCELADO;8899"
"687-Lucca Ramos;Masculino;Alvorada D'Oeste/RO;17/09/1979;09/07/2022;A;24/07/2022;BOLETO;6235"
"688-Caio Teixeira;Masculino;Rio Crespo/RO;23/12/2003;07/08/2022;B;04/09/2022;CARTÃO DE CRÉDITO;1048"
"689-Pedro Carvalho;Masculino;Santa Luzia D'Oeste/RO;13/10/1966;22/07/2022;C;21/09/2022;PARCELADO;1492"
"690-Bruno Moreira;Masculino;Nova Mamoré/RO;16/05/1969;15/07/2022;C;11/09/2022;BOLETO;789"
"691-Theo Lima;Masculino;Jaru/RO;13/01/1978;03/08/2022;C;31/08/2022;PARCELADO;789"
"692-Felipe Lima;Masculino;Alvorada D'Oeste/RO;24/03/1970;14/07/2022;B;26/09/2022;CARTÃO DE CRÉDITO;1182"
"693-João Guilherme Rocha;Masculino;Pimenteiras do Oeste/RO;02/02/1983;24/07/2022;C;31/07/2022;BOLETO;3180"
"694-Isabela Araújo;Feminino;Colorado do Oeste/RO;06/08/1992;20/07/2022;C;14/09/2022;CARTÃO DE CRÉDITO;3180"
"695-Guilherme Costa;Masculino;Jaru/RO;12/10/1967;02/07/2022;C;17/07/2022;PARCELADO;2054"
"696-Nathan Azevedo;Masculino;Alvorada D'Oeste/RO;06/04/1998;18/08/2022;B;12/09/2022;BOLETO;1556"
"697-Fernanda Campos;Feminino;Parecis/RO;03/04/1994;08/07/2022;C;13/09/2022;PARCELADO;7480"
"698-Daniela Campos;Feminino;Nova União/RO;11/02/1967;06/07/2022;C;12/07/2022;CARTÃO DE CRÉDITO;6235"
"699-Rafael Fonseca;Masculino;Cabixi/RO;04/10/1992;31/07/2022;C;29/09/2022;CARTÃO DE CRÉDITO;7480"
"700-Vitória Oliveira;Feminino;Vale do Anari/RO;02/08/2001;12/08/2022;C;15/08/2022;PARCELADO;1492"
"701-Nathan Coelho;Masculino;Machadinho D'Oeste/RO;20/03/1983;31/07/2022;A;02/09/2022;PARCELADO;1048"
"702-Matheus Ramos;Masculino;Guajará-Mirim/RO;28/04/1989;28/07/2022;;16/09/2022;PARCELADO;3180"
"703-Manuela Mendes;Feminino;Alto Alegre dos Parecis/RO;19/08/1990;17/07/2022;C;20/09/2022;PARCELADO;6235"
"704-Vitória Alves;Feminino;Seringueiras/RO;13/08/1971;29/07/2022;C;12/09/2022;PIX;2622"
"705-Felipe Cunha;Masculino;Itapuã do Oeste/RO;20/03/1973;02/08/2022;;25/08/2022;CARTÃO DE DÉBITO;1182"
"706-Lucas Souza;Masculino;Santa Luzia D'Oeste/RO;04/04/1980;09/07/2022;B;26/07/2022;PARCELADO;1182"
"707-Daniela Araújo;Feminino;São Felipe D'Oeste/RO;16/05/1963;02/07/2022;C;07/08/2022;PIX;1048"
"708-Laura Mendes;Feminino;Candeias do Jamari/RO;06/11/1983;06/08/2022;A;28/09/2022;PARCELADO;8899"
"709-Manuela Coelho;Feminino;Cerejeiras/RO;12/12/1970;13/08/2022;C;20/09/2022;BOLETO;1048"
"710-Sophia Barbosa;Feminino;Theobroma/RO;12/11/1986;17/08/2022;C;08/09/2022;PARCELADO;8899"
"711-Helena Oliveira;Feminino;Corumbiara/RO;29/10/1976;24/08/2022;A;22/09/2022;PIX;1182"
"712-Helena Monteiro;Feminino;Pimenteiras do Oeste/RO;25/07/1966;20/07/2022;C;16/09/2022;CARTÃO DE DÉBITO;1048"
"713-Joaquim Silveira;Masculino;Alto Alegre dos Parecis/RO;16/04/1996;04/07/2022;B;24/08/2022;PARCELADO;1048"
"714-Bruna Ribeiro;Feminino;Mirante da Serra/RO;09/12/1970;22/07/2022;C;18/08/2022;CARTÃO DE DÉBITO;1556"
"715-Valentina Ferreira;Feminino;São Francisco do Guaporé/RO;27/07/1958;09/08/2022;C;04/09/2022;PARCELADO;1556"
"716-Cauã Rezende;Masculino;Cerejeiras/RO;23/04/2001;14/08/2022;B;17/09/2022;PARCELADO;789"
"717-Nicolas Gomes;Masculino;Castanheiras/RO;04/08/1976;16/07/2022;C;05/09/2022;PARCELADO;6235"
"718-Diego Monteiro;Masculino;Vale do Paraíso/RO;23/07/1980;02/08/2022;A;15/09/2022;CARTÃO DE DÉBITO;3180"
"719-Daniela Gomes;Feminino;Governador Jorge Teixeira/RO;27/08/1985;29/07/2022;C;24/08/2022;BOLETO;7480"
"720-Carolina Martins;Feminino;Alto Paraíso/RO;03/08/1971;15/08/2022;A;26/09/2022;PARCELADO;5150"
"721-André Castro;Masculino;Campo Novo de Rondônia/RO;10/04/1978;08/07/2022;B;26/09/2022;PARCELADO;8899"
"722-Alice Carvalho;Feminino;Mirante da Serra/RO;09/02/1988;11/07/2022;C;13/08/2022;BOLETO;1620"
"723-Mariana Sales;Feminino;Candeias do Jamari/RO;05/06/1995;17/08/2022;B;21/09/2022;PARCELADO;7480"
"724-Vitória Sales;Feminino;Novo Horizonte do Oeste/RO;28/02/1961;10/07/2022;B;03/09/2022;PARCELADO;3180"
"725-Danilo Correia;Masculino;Novo Horizonte do Oeste/RO;19/05/1970;09/07/2022;C;19/08/2022;PARCELADO;5150"
"726-André Freitas;Masculino;Alvorada D'Oeste/RO;31/01/1977;24/07/2022;C;13/08/2022;PARCELADO;6235"
"727-Rafael Nascimento;Masculino;Costa Marques/RO;29/05/2003;22/08/2022;C;16/09/2022;PARCELADO;3180"
"728-Diego Oliveira;Masculino;Theobroma/RO;08/01/1987;24/07/2022;;02/09/2022;PIX;8899"
"729-Nicolas Fonseca;Masculino;Urupá/RO;25/09/1960;09/08/2022;C;14/09/2022;BOLETO;5150"
"730-Theo Barbosa;Masculino;Guajará-Mirim/RO;20/02/1969;01/07/2022;B;10/08/2022;PIX;3803"
"731-Vítor Batista;Masculino;Urupá/RO;15/05/1988;26/07/2022;C;28/09/2022;PARCELADO;5150"
"732-Bryan Fonseca;Masculino;Itapuã do Oeste/RO;16/11/1996;28/07/2022;;08/08/2022;CARTÃO DE CRÉDITO;3803"
"733-Bruno Lima;Masculino;Buritis/RO;27/10/1974;11/07/2022;A;22/08/2022;CARTÃO DE DÉBITO;7480"
"734-Rafael Freitas;Masculino;Cabixi/RO;27/10/1993;19/08/2022;A;15/09/2022;PARCELADO;789"
"735-Vinícius Teixeira;Masculino;Vale do Anari/RO;13/02/1982;22/07/2022;C;03/08/2022;PARCELADO;8899"
"736-Cauã Ribeiro;Masculino;Cujubim/RO;21/12/1963;13/07/2022;A;17/07/2022;PARCELADO;6235"
"737-João Felipe Cunha;Masculino;Santa Luzia D'Oeste/RO;24/07/1966;21/07/2022;;25/09/2022;PIX;2054"
"738-Sophia Castro;Feminino;Machadinho D'Oeste/RO;03/02/1978;28/08/2022;C;30/09/2022;PARCELADO;6235"
"739-Bruna Azevedo;Feminino;Itapuã do Oeste/RO;08/04/2001;11/07/2022;C;21/09/2022;PARCELADO;1048"
"740-Vítor Moraes;Masculino;Machadinho D'Oeste/RO;11/07/1977;31/08/2022;C;10/09/2022;CARTÃO DE CRÉDITO;2054"
"741-Bruno Silveira;Masculino;Rolim de Moura/RO;27/03/1971;10/07/2022;C;19/09/2022;CARTÃO DE DÉBITO;6235"
"742-Nicolas Barbosa;Masculino;Teixeirópolis/RO;07/03/1989;07/07/2022;C;25/09/2022;PARCELADO;1492"
"743-Nathan Souza;Masculino;Espigão D'Oeste/RO;28/02/1973;09/08/2022;C;13/08/2022;PARCELADO;4618"
"744-Juliana Souza;Feminino;Machadinho D'Oeste/RO;30/11/1999;18/08/2022;;29/09/2022;PARCELADO;1182"
"745-Miguel Barbosa;Masculino;Cabixi/RO;03/04/1976;16/08/2022;C;21/09/2022;PARCELADO;789"
"746-João Felipe Moraes;Masculino;Campo Novo de Rondônia/RO;20/08/2001;12/08/2022;A;20/08/2022;CARTÃO DE CRÉDITO;1048"
"747-Leonardo Monteiro;Masculino;Pimenta Bueno/RO;24/04/2001;06/08/2022;A;24/08/2022;CARTÃO DE CRÉDITO;2054"
"748-Arthur Nascimento;Masculino;Theobroma/RO;16/09/1973;01/07/2022;C;24/09/2022;PARCELADO;3803"
"749-Amanda Gomes;Feminino;Ariquemes/RO;27/09/1955;18/08/2022;C;25/09/2022;CARTÃO DE CRÉDITO;1182"
"750-Bruna Martins;Feminino;Mirante da Serra/RO;03/03/1999;07/07/2022;;08/09/2022;PIX;1048"
"751-André Vieira;Masculino;Pimenta Bueno/RO;01/08/1961;28/08/2022;C;20/09/2022;PARCELADO;7480"
"752-Gustavo Machado;Masculino;Nova Mamoré/RO;01/01/1955;15/08/2022;B;01/09/2022;BOLETO;789"
"753-Raul Correia;Masculino;São Felipe D'Oeste/RO;14/09/1957;05/07/2022;C;03/09/2022;BOLETO;1182"
"754-Eduardo Barbosa;Masculino;Cujubim/RO;17/11/2003;02/07/2022;C;30/07/2022;PARCELADO;2054"
"755-Rafael Castro;Masculino;Nova Brasilândia D'Oeste/RO;25/06/1975;08/08/2022;C;20/08/2022;PIX;4618"
"756-Pietro Cardoso;Masculino;Mirante da Serra/RO;10/07/1976;13/08/2022;B;19/09/2022;CARTÃO DE CRÉDITO;789"
"757-João Guilherme Teixeira;Masculino;Cacoal/RO;19/07/1992;17/08/2022;A;17/08/2022;PARCELADO;1620"
"758-João Lucas Moreira;Masculino;Alta Floresta D'Oeste/RO;10/02/1965;17/07/2022;C;07/09/2022;PARCELADO;1556"
"759-Alice Cunha;Feminino;Parecis/RO;03/03/1979;31/08/2022;C;17/09/2022;BOLETO;2054"
"760-Beatriz Freitas;Feminino;Chupinguaia/RO;05/03/1982;17/08/2022;C;17/09/2022;PARCELADO;1492"
"761-Fernanda Souza;Feminino;Alta Floresta D'Oeste/RO;19/04/1966;26/08/2022;A;26/08/2022;CARTÃO DE CRÉDITO;1620"
"762-Ana Campos;Feminino;Ouro Preto do Oeste/RO;11/01/1973;26/07/2022;B;23/09/2022;PARCELADO;4618"
"763-João Lucas Araújo;Masculino;Porto Velho/RO;27/05/1959;08/07/2022;C;23/09/2022;PARCELADO;1048"
"764-Lucca Freitas;Masculino;Buritis/RO;13/08/1991;22/08/2022;C;16/09/2022;PARCELADO;1048"
"765-Guilherme Alves;Masculino;Machadinho D'Oeste/RO;24/11/1999;30/07/2022;C;18/08/2022;CARTÃO DE CRÉDITO;1182"
"766-Arthur Coelho;Masculino;Cacaulândia/RO;10/02/1961;30/08/2022;C;25/09/2022;PARCELADO;789"
"767-Joaquim Pires;Masculino;São Felipe D'Oeste/RO;08/11/1973;03/08/2022;C;25/08/2022;PIX;2622"
"768-Breno Lima;Masculino;São Francisco do Guaporé/RO;27/11/1969;13/07/2022;C;24/08/2022;CARTÃO DE CRÉDITO;3803"
"769-Miguel Campos;Masculino;Porto Velho/RO;20/04/1999;18/08/2022;C;24/09/2022;PARCELADO;5150"
"770-Aline Barbosa;Feminino;Buritis/RO;29/09/1978;14/08/2022;B;30/08/2022;PARCELADO;5150"
"771-Bruno Castro;Masculino;Nova Brasilândia D'Oeste/RO;10/06/1980;28/08/2022;C;12/09/2022;BOLETO;8899"
"772-Márcia Duarte;Feminino;Costa Marques/RO;11/03/1988;13/08/2022;C;27/09/2022;PIX;8899"
"773-Felipe Pires;Masculino;Ouro Preto do Oeste/RO;26/09/1993;23/07/2022;C;12/08/2022;BOLETO;4618"
"774-Bianca Teixeira;Feminino;Guajará-Mirim/RO;13/07/1978;30/07/2022;C;14/08/2022;PIX;5150"
"775-Leonardo Pereira;Masculino;Primavera de Rondônia/RO;18/06/1959;16/07/2022;C;25/07/2022;PARCELADO;7480"
"776-Caio Teixeira;Masculino;Primavera de Rondônia/RO;18/10/1968;16/07/2022;C;29/09/2022;CARTÃO DE CRÉDITO;2054"
"777-Raul Duarte;Masculino;Rio Crespo/RO;28/12/1965;21/08/2022;C;23/08/2022;PIX;1182"
"778-Marcelo Araújo;Masculino;Jaru/RO;01/09/1988;02/08/2022;A;03/08/2022;PARCELADO;8899"
"779-Natália Pereira;Feminino;Pimenteiras do Oeste/RO;28/05/1997;25/07/2022;C;29/08/2022;PARCELADO;6235"
"780-Maria Nogueira;Feminino;Santa Luzia D'Oeste/RO;07/01/1956;31/07/2022;C;09/09/2022;PARCELADO;1492"
"781-Cristiane Costa;Feminino;Machadinho D'Oeste/RO;04/01/1956;12/08/2022;B;06/09/2022;PIX;2054"
"782-Vitória Ramos;Feminino;Primavera de Rondônia/RO;16/09/1960;31/07/2022;C;22/08/2022;PARCELADO;5150"
"783-Eduardo Batista;Masculino;Nova União/RO;07/06/1970;26/08/2022;C;27/09/2022;PARCELADO;3803"
"784-Letícia Alves;Feminino;Alto Alegre dos Parecis/RO;30/11/1994;13/08/2022;C;04/09/2022;PIX;1556"
"785-Miguel Moreira;Masculino;São Felipe D'Oeste/RO;04/02/1956;15/07/2022;B;24/09/2022;PIX;1620"
"786-João Guilherme Teixeira;Masculino;Machadinho D'Oeste/RO;27/11/1990;30/08/2022;A;11/09/2022;PARCELADO;1048"
"787-João Lucas Santos;Masculino;Vilhena/RO;01/09/1973;20/07/2022;B;24/09/2022;PARCELADO;5150"
"788-Mariana Martins;Feminino;Alto Alegre dos Parecis/RO;10/09/1974;02/08/2022;C;18/09/2022;PARCELADO;1182"
"789-Laura Azevedo;Feminino;Ouro Preto do Oeste/RO;18/01/1986;28/07/2022;B;23/08/2022;PARCELADO;4618"
"790-Theo Barbosa;Masculino;Alto Alegre dos Parecis/RO;11/02/1995;04/08/2022;B;18/08/2022;PIX;1620"
"791-Marcelo Cunha;Masculino;Vale do Paraíso/RO;11/03/1993;21/07/2022;C;22/07/2022;PIX;6235"
"792-Sabrina Batista;Feminino;São Francisco do Guaporé/RO;27/09/1958;05/08/2022;B;23/09/2022;CARTÃO DE CRÉDITO;1556"
"793-Guilherme Ferreira;Masculino;Itapuã do Oeste/RO;03/07/1985;18/08/2022;B;25/09/2022;BOLETO;4618"
"794-Vinícius Ferreira;Masculino;Primavera de Rondônia/RO;09/08/1988;01/08/2022;C;14/08/2022;CARTÃO DE DÉBITO;789"
"795-Miguel Rezende;Masculino;Jaru/RO;22/12/1970;13/08/2022;C;18/08/2022;PIX;3180"
"796-Nathan Lopes;Masculino;Nova União/RO;12/10/1962;14/07/2022;B;06/09/2022;CARTÃO DE CRÉDITO;1048"
"797-Bianca Machado;Feminino;São Felipe D'Oeste/RO;20/06/1968;31/07/2022;C;26/09/2022;PIX;1182"
"798-Diego Monteiro;Masculino;Campo Novo de Rondônia/RO;02/11/1996;14/08/2022;B;29/09/2022;BOLETO;6235"
"799-Cláudia Carvalho;Feminino;Urupá/RO;02/12/1983;03/07/2022;C;18/08/2022;CARTÃO DE CRÉDITO;1182"
"800-Márcia Oliveira;Feminino;Urupá/RO;10/05/1974;23/08/2022;C;25/08/2022;BOLETO;1620"
"801-Rafael Batista;Masculino;Rolim de Moura/RO;16/10/1993;06/07/2022;B;08/09/2022;CARTÃO DE CRÉDITO;1182"
"802-Caio Mata;Masculino;Primavera de Rondônia/RO;08/06/1969;08/07/2022;;06/09/2022;CARTÃO DE CRÉDITO;4618"
"803-Caio Araújo;Masculino;Parecis/RO;08/01/1996;29/07/2022;;13/09/2022;CARTÃO DE CRÉDITO;8899"
"804-Thales Duarte;Masculino;Theobroma/RO;29/10/1997;01/07/2022;B;13/08/2022;CARTÃO DE CRÉDITO;1620"
"805-Lucas Lima;Masculino;Cerejeiras/RO;28/12/1998;31/08/2022;;17/09/2022;PARCELADO;2622"
"806-Vitória Barbosa;Feminino;Alto Paraíso/RO;18/08/1990;08/07/2022;C;14/08/2022;PIX;1556"
"807-Gabriel Souza;Masculino;Cujubim/RO;20/06/1988;01/08/2022;C;06/09/2022;PARCELADO;8899"
"808-Mariana Oliveira;Feminino;Ministro Andreazza/RO;25/07/1994;07/07/2022;C;01/08/2022;CARTÃO DE CRÉDITO;1182"
"809-Daniela Gomes;Feminino;Ministro Andreazza/RO;10/11/1988;29/08/2022;C;27/09/2022;PARCELADO;789"
"810-Laura Cardoso;Feminino;Parecis/RO;25/06/1961;19/07/2022;B;19/07/2022;PARCELADO;3180"
"811-Bianca Lopes;Feminino;Machadinho D'Oeste/RO;07/12/1959;10/07/2022;C;01/09/2022;PARCELADO;2054"
"812-Márcia Cardoso;Feminino;Candeias do Jamari/RO;04/01/1998;14/07/2022;B;10/09/2022;PARCELADO;789"
"813-Cauã Pires;Masculino;Itapuã do Oeste/RO;15/07/2003;08/07/2022;C;02/08/2022;CARTÃO DE CRÉDITO;1048"
"814-Eduardo Ferreira;Masculino;Vilhena/RO;26/06/1996;07/07/2022;C;17/09/2022;PIX;1048"
"815-Patrícia Santos;Feminino;São Felipe D'Oeste/RO;26/12/1963;08/07/2022;A;14/07/2022;CARTÃO DE DÉBITO;5150"
"816-Henrique Silveira;Masculino;Parecis/RO;21/07/1986;10/07/2022;;28/08/2022;PARCELADO;2054"
"817-Maria Nogueira;Feminino;Teixeirópolis/RO;20/07/1963;03/08/2022;C;01/09/2022;BOLETO;4618"
"818-Bianca Nascimento;Feminino;Urupá/RO;22/03/1966;27/08/2022;C;18/09/2022;CARTÃO DE CRÉDITO;1556"
"819-Joaquim Ferreira;Masculino;Alvorada D'Oeste/RO;11/08/1988;22/08/2022;;06/09/2022;PARCELADO;6235"
"820-Raul Lima;Masculino;Cacoal/RO;19/09/1969;05/08/2022;C;29/09/2022;CARTÃO DE CRÉDITO;2054"
"821-Patrícia Mendes;Feminino;Cujubim/RO;21/11/1975;19/08/2022;C;09/09/2022;PARCELADO;8899"
"822-Bianca Costa;Feminino;Alvorada D'Oeste/RO;29/07/1971;11/08/2022;A;15/08/2022;CARTÃO DE CRÉDITO;2054"
"823-Nicolas Vieira;Masculino;Guajará-Mirim/RO;12/08/1975;02/08/2022;C;11/09/2022;PARCELADO;5150"
"824-Pedro Pereira;Masculino;Cacoal/RO;14/12/1978;21/07/2022;;19/08/2022;PARCELADO;3803"
"825-Bianca Vieira;Feminino;Urupá/RO;11/09/1997;29/07/2022;C;16/08/2022;PARCELADO;4618"
"826-André Ramos;Masculino;Ouro Preto do Oeste/RO;15/06/1959;30/07/2022;C;03/09/2022;PARCELADO;3180"
"827-Dr. Samuel Araújo;Masculino;Ariquemes/RO;30/03/1986;13/07/2022;B;07/08/2022;CARTÃO DE CRÉDITO;1182"
"828-Aline Araújo;Feminino;Colorado do Oeste/RO;22/05/1983;13/08/2022;C;04/09/2022;CARTÃO DE CRÉDITO;3180"
"829-Rafael Oliveira;Masculino;São Felipe D'Oeste/RO;04/08/1988;07/07/2022;B;28/09/2022;PARCELADO;2054"
"830-Sabrina Nascimento;Feminino;Porto Velho/RO;11/06/1988;23/08/2022;C;30/09/2022;PARCELADO;6235"
"831-Theo Pereira;Masculino;Theobroma/RO;07/02/1966;07/07/2022;C;02/08/2022;PARCELADO;1492"
"832-Camila Ribeiro;Feminino;Novo Horizonte do Oeste/RO;21/06/1988;20/08/2022;B;22/09/2022;PARCELADO;3803"
"833-João Felipe Lima;Masculino;Pimenta Bueno/RO;11/03/1966;24/08/2022;C;16/09/2022;CARTÃO DE CRÉDITO;4618"
"834-João Lucas Coelho;Masculino;Pimenta Bueno/RO;11/05/1997;02/08/2022;;15/09/2022;PIX;2622"
"835-Dr. Bruno Barbosa;Masculino;Teixeirópolis/RO;21/09/1975;24/07/2022;;18/09/2022;PARCELADO;789"
"836-Theo Silveira;Masculino;Alto Paraíso/RO;22/06/1970;13/08/2022;;23/08/2022;BOLETO;6235"
"837-Nathan Pereira;Masculino;Theobroma/RO;17/05/1994;18/07/2022;C;26/07/2022;PARCELADO;7480"
"838-Letícia Alves;Feminino;Ji-Paraná/RO;14/01/1976;15/08/2022;;10/09/2022;CARTÃO DE CRÉDITO;5150"
"839-Leonardo Moraes;Masculino;Ministro Andreazza/RO;05/04/1966;17/07/2022;C;20/08/2022;PIX;7480"
"840-Henrique Lima;Masculino;Nova Mamoré/RO;02/09/1978;07/08/2022;C;12/09/2022;PARCELADO;7480"
"841-Diego Barbosa;Masculino;Novo Horizonte do Oeste/RO;22/04/1978;10/08/2022;B;01/09/2022;BOLETO;1556"
"842-Valentina Araújo;Feminino;Jaru/RO;24/01/1994;20/07/2022;;23/07/2022;PARCELADO;1048"
"843-Leonardo Ramos;Masculino;Costa Marques/RO;31/08/1980;18/08/2022;B;20/08/2022;CARTÃO DE DÉBITO;2622"
"844-Dr. Vinícius Barbosa;Masculino;Guajará-Mirim/RO;02/03/1981;11/08/2022;C;23/08/2022;PARCELADO;1492"
"845-Gabriela Lima;Feminino;Alto Paraíso/RO;08/10/1973;05/08/2022;A;28/09/2022;PARCELADO;2054"
"846-Gabriela Pereira;Feminino;Cabixi/RO;12/12/1958;30/08/2022;C;08/09/2022;PARCELADO;1492"
"847-Breno Martins;Masculino;Candeias do Jamari/RO;03/11/1990;09/08/2022;A;01/09/2022;PARCELADO;7480"
"848-Guilherme Barbosa;Masculino;Cujubim/RO;25/11/1981;01/07/2022;C;12/08/2022;PARCELADO;1492"
"849-Márcia Mendes;Feminino;Cujubim/RO;05/01/1962;26/07/2022;C;24/08/2022;CARTÃO DE DÉBITO;1048"
"850-Natália Ribeiro;Feminino;Monte Negro/RO;17/09/1960;26/08/2022;B;31/08/2022;PIX;3803"
"851-Danilo Vieira;Masculino;Rio Crespo/RO;01/10/1989;19/07/2022;C;12/08/2022;PARCELADO;5150"
"852-Beatriz Souza;Feminino;Novo Horizonte do Oeste/RO;28/10/2000;23/08/2022;A;21/09/2022;BOLETO;3180"
"853-Ana Martins;Feminino;Mirante da Serra/RO;28/07/1992;06/07/2022;C;08/09/2022;PARCELADO;3180"
"854-Nathan Silveira;Masculino;Cacoal/RO;21/03/1955;22/08/2022;C;04/09/2022;PARCELADO;3180"
"855-Thales Araújo;Masculino;Corumbiara/RO;03/11/1969;15/07/2022;C;13/08/2022;CARTÃO DE DÉBITO;3180"
"856-Henrique Azevedo;Masculino;Alto Paraíso/RO;08/10/1993;13/08/2022;B;06/09/2022;PARCELADO;7480"
"857-Helena Alves;Feminino;Theobroma/RO;15/01/1992;31/08/2022;B;16/09/2022;CARTÃO DE CRÉDITO;5150"
"858-Vitória Coelho;Feminino;Castanheiras/RO;01/03/1965;18/07/2022;;08/08/2022;CARTÃO DE CRÉDITO;1556"
"859-Luana Moreira;Feminino;Alta Floresta D'Oeste/RO;11/09/1957;10/07/2022;;05/09/2022;CARTÃO DE DÉBITO;5150"
"860-Diego Araújo;Masculino;Costa Marques/RO;01/01/2001;15/08/2022;A;18/09/2022;CARTÃO DE CRÉDITO;4618"
"861-André Costa;Masculino;Pimenta Bueno/RO;09/02/1979;25/08/2022;C;16/09/2022;PIX;3180"
"862-Isabela Lopes;Feminino;Vilhena/RO;15/02/1984;07/08/2022;C;02/09/2022;PIX;5150"
"863-Mariana Castro;Feminino;Mirante da Serra/RO;30/05/1980;04/07/2022;C;29/08/2022;CARTÃO DE DÉBITO;2622"
"864-Pietro Rezende;Masculino;Colorado do Oeste/RO;12/09/1969;21/07/2022;C;18/08/2022;PARCELADO;1182"
"865-Cláudia Lima;Feminino;Ji-Paraná/RO;19/02/1995;23/07/2022;B;24/09/2022;PARCELADO;7480"
"866-Lucca Campos;Masculino;Corumbiara/RO;17/04/1994;24/08/2022;C;23/09/2022;PIX;2054"
"867-Pedro Pereira;Masculino;Itapuã do Oeste/RO;25/12/1955;17/08/2022;B;04/09/2022;PARCELADO;5150"
"868-Joaquim Pereira;Masculino;Ouro Preto do Oeste/RO;02/05/1976;10/07/2022;B;16/09/2022;PIX;6235"
"869-Maria Santos;Feminino;Nova Brasilândia D'Oeste/RO;24/05/1980;02/07/2022;B;04/09/2022;PIX;5150"
"870-Cláudia Nascimento;Feminino;Novo Horizonte do Oeste/RO;06/05/2002;11/08/2022;C;25/09/2022;PARCELADO;3180"
"871-Manuela Vieira;Feminino;Presidente Médici/RO;17/09/1982;19/08/2022;C;21/08/2022;CARTÃO DE CRÉDITO;5150"
"872-Sophia Moraes;Feminino;Candeias do Jamari/RO;18/02/1982;05/07/2022;C;29/07/2022;PARCELADO;1182"
"873-Isabela Santos;Feminino;Colorado do Oeste/RO;09/04/1980;29/07/2022;C;26/08/2022;PARCELADO;6235"
"874-Bruna Azevedo;Feminino;Parecis/RO;30/10/1998;16/08/2022;;13/09/2022;PARCELADO;4618"
"875-Felipe Mata;Masculino;Cerejeiras/RO;20/05/1968;17/08/2022;C;18/09/2022;BOLETO;8899"
"876-João Lucas Monteiro;Masculino;Governador Jorge Teixeira/RO;03/10/1956;27/07/2022;C;09/08/2022;PARCELADO;1048"
"877-Vitória Barbosa;Feminino;Ariquemes/RO;20/03/1977;02/08/2022;A;09/08/2022;CARTÃO DE DÉBITO;1048"
"878-Bianca Carvalho;Feminino;Ouro Preto do Oeste/RO;03/07/1988;14/07/2022;A;28/07/2022;PARCELADO;1556"
"879-João Guilherme Duarte;Masculino;Alto Alegre dos Parecis/RO;30/12/1956;19/08/2022;;20/08/2022;PIX;1556"
"880-Márcia Moreira;Feminino;Candeias do Jamari/RO;11/01/1981;12/08/2022;C;16/08/2022;CARTÃO DE DÉBITO;7480"
"881-Cristiane Martins;Feminino;Mirante da Serra/RO;05/09/1975;25/07/2022;B;06/09/2022;CARTÃO DE CRÉDITO;2054"
"882-Matheus Vieira;Masculino;Alvorada D'Oeste/RO;21/01/1999;30/08/2022;;24/09/2022;PARCELADO;1556"
"883-Henrique Mendes;Masculino;Cacaulândia/RO;30/04/1977;17/07/2022;C;19/08/2022;PIX;1048"
"884-Larissa Martins;Feminino;Machadinho D'Oeste/RO;19/07/1991;22/08/2022;C;29/09/2022;PARCELADO;3180"
"885-Helena Moraes;Feminino;Corumbiara/RO;06/11/1955;01/08/2022;C;15/09/2022;PIX;3803"
"886-Vanessa Alves;Feminino;Costa Marques/RO;11/12/1956;29/08/2022;B;29/08/2022;BOLETO;789"
"887-Cláudia Barbosa;Feminino;São Francisco do Guaporé/RO;10/03/1997;16/08/2022;C;30/08/2022;CARTÃO DE DÉBITO;1182"
"888-Valentina Pereira;Feminino;Espigão D'Oeste/RO;09/01/1990;03/08/2022;A;11/08/2022;PARCELADO;4618"
"889-João Felipe Alves;Masculino;Cacoal/RO;01/03/1962;30/07/2022;C;10/09/2022;PIX;2622"
"890-Bruno Correia;Masculino;Candeias do Jamari/RO;24/01/1987;23/07/2022;C;27/07/2022;PARCELADO;2622"
"891-Patrícia Correia;Feminino;Presidente Médici/RO;27/06/1992;09/08/2022;C;30/09/2022;CARTÃO DE DÉBITO;7480"
"892-Vítor Fonseca;Masculino;Ouro Preto do Oeste/RO;07/06/1988;12/07/2022;C;14/07/2022;PIX;789"
"893-Carolina Ferreira;Feminino;Cacoal/RO;28/05/1994;04/08/2022;B;28/09/2022;PARCELADO;1620"
"894-Vanessa Machado;Feminino;Novo Horizonte do Oeste/RO;17/08/1959;30/08/2022;B;13/09/2022;PARCELADO;1048"
"895-Rafael Azevedo;Masculino;Cujubim/RO;08/12/1958;17/07/2022;C;02/09/2022;BOLETO;3803"
"896-Ana Alves;Feminino;Novo Horizonte do Oeste/RO;02/10/1969;29/08/2022;C;01/09/2022;CARTÃO DE CRÉDITO;1620"
"897-Débora Araújo;Feminino;Nova União/RO;26/12/1991;12/07/2022;B;11/09/2022;PARCELADO;1182"
"898-André Moraes;Masculino;Nova União/RO;15/05/1997;09/07/2022;B;16/09/2022;CARTÃO DE CRÉDITO;1182"
"899-Renata Lima;Feminino;Governador Jorge Teixeira/RO;20/08/2003;05/08/2022;A;31/08/2022;CARTÃO DE DÉBITO;3180"
"900-Leonardo Monteiro;Masculino;Itapuã do Oeste/RO;05/10/1975;07/08/2022;A;10/09/2022;PIX;8899"
"901-Breno Ribeiro;Masculino;Seringueiras/RO;06/05/1997;12/08/2022;C;23/09/2022;PARCELADO;1182"
"902-Vítor Ramos;Masculino;Novo Horizonte do Oeste/RO;30/05/1987;28/08/2022;C;14/09/2022;PARCELADO;4618"
"903-Samuel Souza;Masculino;Alto Paraíso/RO;19/04/1962;14/07/2022;C;04/08/2022;PIX;789"
"904-Samuel Fonseca;Masculino;Jaru/RO;11/02/1965;08/08/2022;C;27/08/2022;CARTÃO DE CRÉDITO;7480"
"905-Theo Souza;Masculino;Machadinho D'Oeste/RO;11/12/1967;12/08/2022;C;19/09/2022;PARCELADO;3803"
"906-Cristiane Oliveira;Feminino;Campo Novo de Rondônia/RO;04/09/1978;28/07/2022;;17/09/2022;PARCELADO;1182"
"907-Carolina Alves;Feminino;Ministro Andreazza/RO;16/11/1965;31/07/2022;C;09/09/2022;PARCELADO;7480"
"908-Patrícia Vieira;Feminino;Cacaulândia/RO;14/10/2001;06/08/2022;C;15/09/2022;PIX;8899"
"909-João Felipe Barbosa;Masculino;Vale do Anari/RO;03/04/1998;31/07/2022;B;18/08/2022;CARTÃO DE CRÉDITO;4618"
"910-Leonardo Lima;Masculino;Ji-Paraná/RO;26/10/1987;30/08/2022;C;06/09/2022;CARTÃO DE CRÉDITO;2054"
"911-Alice Moraes;Feminino;Cacaulândia/RO;06/04/1998;24/07/2022;B;16/08/2022;PARCELADO;5150"
"912-Helena Lopes;Feminino;Colorado do Oeste/RO;18/02/1988;23/08/2022;C;23/09/2022;PIX;2622"
"913-João Felipe Ferreira;Masculino;Chupinguaia/RO;16/04/1984;28/08/2022;;15/09/2022;BOLETO;1556"
"914-Patrícia Ferreira;Feminino;Alto Paraíso/RO;19/05/1988;25/08/2022;C;04/09/2022;PIX;8899"
"915-Daniel Pereira;Masculino;Chupinguaia/RO;21/12/2002;03/08/2022;C;19/08/2022;PIX;3803"
"916-Lucas Silveira;Masculino;Costa Marques/RO;30/11/1961;29/08/2022;C;25/09/2022;PARCELADO;7480"
"917-João Guilherme Souza;Masculino;Chupinguaia/RO;30/12/1988;30/07/2022;C;29/08/2022;PIX;4618"
"918-Bruno Souza;Masculino;Cujubim/RO;07/12/1980;29/07/2022;B;28/09/2022;PARCELADO;2622"
"919-Maria Alves;Feminino;Campo Novo de Rondônia/RO;10/04/1989;12/08/2022;C;19/08/2022;PARCELADO;1048"
"920-Caio Santos;Masculino;Itapuã do Oeste/RO;26/10/1997;02/07/2022;;28/07/2022;PARCELADO;3803"
"921-Letícia Campos;Feminino;Vale do Paraíso/RO;26/08/1967;25/08/2022;C;26/08/2022;CARTÃO DE DÉBITO;1182"
"922-Raul Barbosa;Masculino;Alto Alegre dos Parecis/RO;09/08/1975;03/07/2022;C;02/08/2022;PARCELADO;1182"
"923-Larissa Castro;Feminino;Campo Novo de Rondônia/RO;04/09/1993;01/07/2022;C;10/07/2022;CARTÃO DE CRÉDITO;789"
"924-Raquel Freitas;Feminino;São Miguel do Guaporé/RO;24/09/1962;30/07/2022;;13/09/2022;PIX;8899"
"925-Valentina Fonseca;Feminino;Rio Crespo/RO;07/07/1956;04/08/2022;B;21/08/2022;CARTÃO DE DÉBITO;6235"
"926-Diego Martins;Masculino;Presidente Médici/RO;23/04/1987;22/08/2022;C;23/09/2022;PARCELADO;5150"
"927-Larissa Batista;Feminino;Ministro Andreazza/RO;11/04/1968;05/08/2022;;16/08/2022;PARCELADO;1182"
"928-Cauã Teixeira;Masculino;Itapuã do Oeste/RO;11/09/1981;23/08/2022;B;07/09/2022;PIX;1048"
"929-Rafael Machado;Masculino;Alto Paraíso/RO;02/06/1962;03/08/2022;B;18/09/2022;CARTÃO DE CRÉDITO;789"
"930-Fernanda Rezende;Feminino;Ministro Andreazza/RO;19/05/1988;13/07/2022;C;02/09/2022;CARTÃO DE DÉBITO;1556"
"931-Larissa Fonseca;Feminino;Candeias do Jamari/RO;29/09/1969;10/08/2022;C;24/09/2022;PARCELADO;2054"
"932-Lucas Lopes;Masculino;Vale do Paraíso/RO;23/04/1982;13/07/2022;C;18/08/2022;CARTÃO DE DÉBITO;1620"
"933-Diego Coelho;Masculino;Cabixi/RO;05/12/1991;16/07/2022;;03/09/2022;PARCELADO;2054"
"934-Cristiane Carvalho;Feminino;Chupinguaia/RO;25/04/1980;24/07/2022;C;18/08/2022;PARCELADO;6235"
"935-Débora Martins;Feminino;Cujubim/RO;12/11/1978;10/07/2022;A;13/08/2022;CARTÃO DE DÉBITO;1182"
"936-Vinícius Ribeiro;Masculino;São Felipe D'Oeste/RO;26/04/1961;10/08/2022;C;21/08/2022;PARCELADO;6235"
"937-Gustavo Souza;Masculino;São Francisco do Guaporé/RO;06/03/1959;22/07/2022;;24/08/2022;PARCELADO;1492"
"938-João Guilherme Rezende;Masculino;Rolim de Moura/RO;09/04/2002;22/07/2022;C;23/08/2022;PIX;1182"
"939-Fernanda Freitas;Feminino;Governador Jorge Teixeira/RO;03/07/1969;14/08/2022;;25/08/2022;PIX;7480"
"940-Henrique Lima;Masculino;Ji-Paraná/RO;18/06/1988;02/07/2022;C;29/07/2022;PARCELADO;2622"
"941-Leonardo Carvalho;Masculino;Costa Marques/RO;27/11/1992;29/08/2022;C;09/09/2022;PARCELADO;6235"
"942-Vitória Araújo;Feminino;Theobroma/RO;01/10/1996;25/07/2022;A;21/09/2022;PARCELADO;1556"
"943-Marcelo Teixeira;Masculino;Buritis/RO;06/10/1976;17/07/2022;A;06/08/2022;PARCELADO;3803"
"944-Lucca Araújo;Masculino;Cacaulândia/RO;28/12/1962;13/07/2022;B;06/09/2022;PARCELADO;789"
"945-Luana Coelho;Feminino;Cacoal/RO;21/11/1976;18/08/2022;A;30/09/2022;PARCELADO;1620"
"946-João Lucas Costa;Masculino;São Francisco do Guaporé/RO;08/01/1996;08/07/2022;A;11/07/2022;PARCELADO;3180"
"947-Bryan Nascimento;Masculino;Machadinho D'Oeste/RO;10/05/1990;11/08/2022;A;25/09/2022;PARCELADO;2054"
"948-Gustavo Lima;Masculino;Santa Luzia D'Oeste/RO;23/03/1958;12/07/2022;C;09/08/2022;PARCELADO;2054"
"949-Isabela Cardoso;Feminino;Nova Mamoré/RO;26/02/1987;07/08/2022;C;22/09/2022;CARTÃO DE DÉBITO;8899"
"950-Breno Gomes;Masculino;Pimenteiras do Oeste/RO;12/12/2000;26/07/2022;;14/09/2022;CARTÃO DE DÉBITO;7480"
"951-João Felipe Carvalho;Masculino;Cerejeiras/RO;28/03/2001;12/07/2022;C;23/08/2022;PARCELADO;2622"
"952-Breno Souza;Masculino;Chupinguaia/RO;16/07/1989;16/07/2022;A;13/09/2022;PARCELADO;7480"
"953-João Guilherme Nogueira;Masculino;Vale do Paraíso/RO;10/10/1989;30/07/2022;B;25/08/2022;CARTÃO DE CRÉDITO;2054"
"954-Márcia Ferreira;Feminino;Machadinho D'Oeste/RO;15/08/1983;10/07/2022;C;20/09/2022;PIX;1556"
"955-Beatriz Freitas;Feminino;Cabixi/RO;11/02/1974;14/08/2022;C;05/09/2022;CARTÃO DE DÉBITO;6235"
"956-João Felipe Costa;Masculino;Vale do Anari/RO;03/07/1985;02/08/2022;C;05/09/2022;PARCELADO;1620"
"957-Cauã Nogueira;Masculino;Vale do Anari/RO;22/02/1977;24/07/2022;C;05/09/2022;CARTÃO DE CRÉDITO;789"
"958-Raquel Vieira;Feminino;Rolim de Moura/RO;02/07/2003;06/08/2022;C;06/08/2022;CARTÃO DE DÉBITO;1556"
"959-Pedro Lopes;Masculino;Espigão D'Oeste/RO;18/04/1987;09/08/2022;C;29/09/2022;BOLETO;1492"
"960-Cristiane Pires;Feminino;Monte Negro/RO;10/09/1988;20/07/2022;A;23/08/2022;PARCELADO;4618"
"961-Gustavo Cardoso;Masculino;Mirante da Serra/RO;15/02/1995;21/07/2022;C;23/08/2022;PARCELADO;3180"
"962-Caio Alves;Masculino;Guajará-Mirim/RO;30/11/1987;26/08/2022;B;17/09/2022;PARCELADO;1492"
"963-Leonardo Nogueira;Masculino;Urupá/RO;24/01/1981;06/08/2022;B;11/09/2022;PIX;1492"
"964-Valentina Duarte;Feminino;Primavera de Rondônia/RO;24/06/1984;22/07/2022;B;20/08/2022;PIX;1492"
"965-Isabela Castro;Feminino;Guajará-Mirim/RO;18/08/1994;14/08/2022;B;28/09/2022;PARCELADO;8899"
"966-Bryan Mata;Masculino;Chupinguaia/RO;16/10/1984;16/08/2022;C;10/09/2022;PARCELADO;1048"
"967-Bruno Souza;Masculino;Novo Horizonte do Oeste/RO;04/01/1971;02/07/2022;C;16/08/2022;CARTÃO DE CRÉDITO;8899"
"968-Henrique Ramos;Masculino;Teixeirópolis/RO;19/09/1975;23/07/2022;C;26/09/2022;PIX;6235"
"969-Ana Lima;Feminino;Jaru/RO;30/06/1973;25/07/2022;C;26/09/2022;CARTÃO DE DÉBITO;2622"
"970-Camila Martins;Feminino;Colorado do Oeste/RO;07/12/1960;07/08/2022;C;22/09/2022;PIX;789"
"971-Dr. Samuel Lima;Masculino;Presidente Médici/RO;24/03/1998;20/07/2022;C;25/07/2022;PARCELADO;2054"
"972-Maria Vieira;Feminino;Cacaulândia/RO;03/09/1975;12/08/2022;C;23/09/2022;PIX;8899"
"973-Diego Coelho;Masculino;Vilhena/RO;24/06/1981;12/07/2022;C;24/09/2022;CARTÃO DE DÉBITO;1492"
"974-Mariana Cunha;Feminino;Campo Novo de Rondônia/RO;04/06/1989;25/07/2022;C;01/09/2022;PARCELADO;1048"
"975-Eduardo Araújo;Masculino;Alvorada D'Oeste/RO;21/03/1955;18/08/2022;B;27/09/2022;PARCELADO;4618"
"976-Leonardo Santos;Masculino;São Felipe D'Oeste/RO;29/06/1959;24/07/2022;C;03/09/2022;PARCELADO;7480"
"977-Luana Lima;Feminino;Alvorada D'Oeste/RO;08/12/2001;23/08/2022;C;15/09/2022;PARCELADO;1492"
"978-Daniela Batista;Feminino;Cacoal/RO;12/07/1998;09/07/2022;C;24/09/2022;CARTÃO DE CRÉDITO;3180"
"979-Letícia Souza;Feminino;Mirante da Serra/RO;24/11/1991;07/08/2022;C;17/09/2022;CARTÃO DE DÉBITO;1182"
"980-Gabriela Teixeira;Feminino;Candeias do Jamari/RO;14/09/1982;03/08/2022;;14/08/2022;PARCELADO;1492"
"981-Daniel Cunha;Masculino;Primavera de Rondônia/RO;08/04/1967;13/08/2022;B;29/08/2022;PIX;2054"
"982-Fernanda Machado;Feminino;Cacoal/RO;11/07/1983;23/07/2022;B;15/08/2022;PARCELADO;2622"
"983-João Felipe Mendes;Masculino;Cacoal/RO;30/07/1958;31/08/2022;C;31/08/2022;PARCELADO;1182"
